player,dismissal,runs,balls,minutes,4s,6s,strike_rate,team,opponent,innings,match_id
Rohit Sharma,b Madushanka,4,2,2,1,0,200.0,India,Sri Lanka,1,0
Shubman Gill,c Mendis b Madushanka,92,92,136,11,2,100.0,India,Sri Lanka,1,0
Virat Kohli,c Nissanka b Madushanka,88,94,139,11,0,93.61,India,Sri Lanka,1,0
Shreyas Iyer,c Theekshana b Madushanka,82,56,84,3,6,146.42,India,Sri Lanka,1,0
KL Rahul,c Hemantha b Chameera,21,19,34,2,0,110.52,India,Sri Lanka,1,0
Suryakumar Yadav,c Mendis b Madushanka,12,9,13,2,0,133.33,India,Sri Lanka,1,0
Ravindra Jadeja,run out (Samarawickrama/Mendis),35,24,41,1,1,145.83,India,Sri Lanka,1,0
Mohammed Shami,run out (Mendis),2,4,11,0,0,50.0,India,Sri Lanka,1,0
Jasprit Bumrah,not out,1,1,1,0,0,100.0,India,Sri Lanka,1,0
Fakhar Zaman,c & b van Beek,12,15,14,3,0,80.0,Pakistan,Netherlands,1,1
Imam-ul-Haq,c Dutt b van Meekeren,15,19,40,2,0,78.94,Pakistan,Netherlands,1,1
Babar Azam,c Saqib Zulfiqar b Ackermann,5,18,20,0,0,27.77,Pakistan,Netherlands,1,1
Mohammad Rizwan,b de Leede,68,75,104,8,0,90.66,Pakistan,Netherlands,1,1
Saud Shakeel,c Saqib Zulfiqar b Dutt,68,52,84,9,1,130.76,Pakistan,Netherlands,1,1
Iftikhar Ahmed,c Edwards b de Leede,9,11,22,1,0,81.81,Pakistan,Netherlands,1,1
Mohammad Nawaz,run out (van Meekeren/Ackermann),39,43,66,4,0,90.69,Pakistan,Netherlands,1,1
Shadab Khan,b de Leede,32,34,42,2,1,94.11,Pakistan,Netherlands,1,1
Hasan Ali,lbw b de Leede,0,1,2,0,0,0.0,Pakistan,Netherlands,1,1
Shaheen Shah Afridi,not out,13,12,23,2,0,108.33,Pakistan,Netherlands,1,1
Haris Rauf,st Edwards b Ackermann,16,14,10,2,1,114.28,Pakistan,Netherlands,1,1
Rohit Sharma,c Head b Maxwell,47,31,44,4,3,151.61,India,Australia,1,2
Shubman Gill,c Zampa b Starc,4,7,21,0,0,57.14,India,Australia,1,2
Virat Kohli,b Cummins,54,63,99,4,0,85.71,India,Australia,1,2
Shreyas Iyer,c Inglis b Cummins,4,3,3,1,0,133.33,India,Australia,1,2
KL Rahul,c Inglis b Starc,66,107,133,1,0,61.68,India,Australia,1,2
Ravindra Jadeja,c Inglis b Hazlewood,9,22,33,0,0,40.9,India,Australia,1,2
Suryakumar Yadav,c Inglis b Hazlewood,18,28,57,1,0,64.28,India,Australia,1,2
Mohammed Shami,c Inglis b Starc,6,10,9,1,0,60.0,India,Australia,1,2
Jasprit Bumrah,lbw b Zampa,1,3,5,0,0,33.33,India,Australia,1,2
Kuldeep Yadav,run out (Labuschagne/Cummins),10,18,28,0,0,55.55,India,Australia,1,2
Mohammed Siraj,not out,9,8,13,1,0,112.5,India,Australia,1,2
Rohit Sharma,c Livingstone b Rashid,87,101,162,10,3,86.13,India,England,1,3
Shubman Gill,b Woakes,9,13,18,1,0,69.23,India,England,1,3
Virat Kohli,c Stokes b Willey,0,9,12,0,0,0.0,India,England,1,3
Shreyas Iyer,c Wood b Woakes,4,16,21,0,0,25.0,India,England,1,3
KL Rahul,c Bairstow b Willey,39,58,77,3,0,67.24,India,England,1,3
Suryakumar Yadav,c Woakes b Willey,49,47,75,4,1,104.25,India,England,1,3
Ravindra Jadeja,lbw b Rashid,8,13,14,0,0,61.53,India,England,1,3
Mohammed Shami,c Buttler b Wood,1,5,4,0,0,20.0,India,England,1,3
Jasprit Bumrah,run out (Buttler),16,25,44,1,0,64.0,India,England,1,3
Kuldeep Yadav,not out,9,13,18,1,0,69.23,India,England,1,3
Vikramjit Singh,lbw b Rajitha,4,13,17,1,0,30.76,Netherlands,Sri Lanka,1,4
Max O'Dowd,b Rajitha,16,27,50,1,1,59.25,Netherlands,Sri Lanka,1,4
Colin Ackermann,c Mendis b Rajitha,29,31,42,5,0,93.54,Netherlands,Sri Lanka,1,4
Bas de Leede,c Perera b Madushanka,6,21,33,0,0,28.57,Netherlands,Sri Lanka,1,4
Teja Nidamanuru,lbw b Madushanka,9,16,32,0,0,56.25,Netherlands,Sri Lanka,1,4
Scott Edwards,b Theekshana,16,16,22,0,0,100.0,Netherlands,Sri Lanka,1,4
Sybrand Engelbrecht,b Madushanka,70,82,100,4,1,85.36,Netherlands,Sri Lanka,1,4
Logan van Beek,c Asalanka b Rajitha,59,75,108,1,1,78.66,Netherlands,Sri Lanka,1,4
Roelof van der Merwe,c Mendis b Madushanka,7,7,12,0,0,100.0,Netherlands,Sri Lanka,1,4
Aryan Dutt,not out,9,6,14,1,0,150.0,Netherlands,Sri Lanka,1,4
Paul van Meekeren,run out (Mendis/Madushanka),4,5,6,0,0,80.0,Netherlands,Sri Lanka,1,4
Quinton de Kock,c Nasum Ahmed b Hasan Mahmud,174,140,192,15,7,124.28,South Africa,Bangladesh,1,5
Reeza Hendricks,b Shoriful Islam,12,19,24,1,0,63.15,South Africa,Bangladesh,1,5
Rassie van der Dussen,lbw b Mehidy Hasan Miraz,1,7,6,0,0,14.28,South Africa,Bangladesh,1,5
Aiden Markram,c Litton Das b Shakib Al Hasan,60,69,84,7,0,86.95,South Africa,Bangladesh,1,5
Heinrich Klaasen,c Mahmudullah b Hasan Mahmud,90,49,94,2,8,183.67,South Africa,Bangladesh,1,5
David Miller,not out,34,15,26,1,4,226.66,South Africa,Bangladesh,1,5
Marco Jansen,not out,1,1,3,0,0,100.0,South Africa,Bangladesh,1,5
Litton Das,c Henry b Boult,0,1,1,0,0,0.0,Bangladesh,New Zealand,1,6
Tanzid Hasan,c Conway b Ferguson,16,17,37,4,0,94.11,Bangladesh,New Zealand,1,6
Mehidy Hasan Miraz,c Henry b Ferguson,30,46,52,4,0,65.21,Bangladesh,New Zealand,1,6
Najmul Hossain Shanto,c Conway b Phillips,7,8,20,1,0,87.5,Bangladesh,New Zealand,1,6
Shakib Al Hasan,c Latham b Ferguson,40,51,75,3,2,78.43,Bangladesh,New Zealand,1,6
Mushfiqur Rahim,b Henry,66,75,93,6,2,88.0,Bangladesh,New Zealand,1,6
Towhid Hridoy,c Santner b Boult,13,25,30,0,0,52.0,Bangladesh,New Zealand,1,6
Mahmudullah,not out,41,49,58,2,2,83.67,Bangladesh,New Zealand,1,6
Taskin Ahmed,c Mitchell b Santner,17,19,25,0,2,89.47,Bangladesh,New Zealand,1,6
Mustafizur Rahman,c Latham b Henry,4,10,14,0,0,40.0,Bangladesh,New Zealand,1,6
Shoriful Islam,not out,2,3,9,0,0,66.66,Bangladesh,New Zealand,1,6
Abdullah Shafique,lbw b Mohammed Siraj,20,24,39,3,0,83.33,Pakistan,India,1,7
Imam-ul-Haq,c Rahul b Pandya,36,38,64,6,0,94.73,Pakistan,India,1,7
Babar Azam,b Mohammed Siraj,50,58,89,7,0,86.2,Pakistan,India,1,7
Mohammad Rizwan,b Bumrah,49,69,89,7,0,71.01,Pakistan,India,1,7
Saud Shakeel,lbw b Kuldeep Yadav,6,10,12,0,0,60.0,Pakistan,India,1,7
Iftikhar Ahmed,b Kuldeep Yadav,4,4,2,1,0,100.0,Pakistan,India,1,7
Shadab Khan,b Bumrah,2,5,11,0,0,40.0,Pakistan,India,1,7
Mohammad Nawaz,c Bumrah b Pandya,4,14,25,0,0,28.57,Pakistan,India,1,7
Hasan Ali,c Shubman Gill b Jadeja,12,19,21,2,0,63.15,Pakistan,India,1,7
Shaheen Shah Afridi,not out,2,10,12,0,0,20.0,Pakistan,India,1,7
Haris Rauf,lbw b Jadeja,2,6,9,0,0,33.33,Pakistan,India,1,7
Pathum Nissanka,c Latham b Southee,2,8,9,0,0,25.0,Sri Lanka,New Zealand,1,8
Kusal Perera,c Santner b Ferguson,51,28,46,9,2,182.14,Sri Lanka,New Zealand,1,8
Kusal Mendis,c Ravindra b Boult,6,7,11,1,0,85.71,Sri Lanka,New Zealand,1,8
Sadeera Samarawickrama,c Mitchell b Boult,1,2,2,0,0,50.0,Sri Lanka,New Zealand,1,8
Charith Asalanka,lbw b Boult,8,8,16,1,0,100.0,Sri Lanka,New Zealand,1,8
Angelo Mathews,c Mitchell b Santner,16,27,33,2,0,59.25,Sri Lanka,New Zealand,1,8
Dhananjaya de Silva,c Mitchell b Santner,19,24,36,2,1,79.16,Sri Lanka,New Zealand,1,8
Chamika Karunaratne,c Latham b Ferguson,6,17,28,1,0,35.29,Sri Lanka,New Zealand,1,8
Maheesh Theekshana,not out,38,91,109,3,0,41.75,Sri Lanka,New Zealand,1,8
Dushmantha Chameera,c Boult b Ravindra,1,20,32,0,0,5.0,Sri Lanka,New Zealand,1,8
Dilshan Madushanka,c Latham b Ravindra,19,48,56,2,0,39.58,Sri Lanka,New Zealand,1,8
Rohit Sharma,c Williamson b Southee,47,29,40,4,4,162.06,India,New Zealand,1,9
Shubman Gill,not out,80,66,116,8,3,121.21,India,New Zealand,1,9
Virat Kohli,c Conway b Southee,117,113,149,9,2,103.53,India,New Zealand,1,9
Shreyas Iyer,c Mitchell b Boult,105,70,114,4,8,150.0,India,New Zealand,1,9
KL Rahul,not out,39,20,29,5,2,195.0,India,New Zealand,1,9
Suryakumar Yadav,c Phillips b Southee,1,2,2,0,0,50.0,India,New Zealand,1,9
Wesley Barresi,lbw b Mujeeb Ur Rahman,1,4,3,0,0,25.0,Netherlands,Afghanistan,1,10
Max O'Dowd,run out (Azmatullah Omarzai),42,40,50,9,0,105.0,Netherlands,Afghanistan,1,10
Colin Ackermann,run out (Rashid Khan/Ikram Alikhil),29,35,71,4,0,82.85,Netherlands,Afghanistan,1,10
Sybrand Engelbrecht,run out (Mohammad Nabi/Ikram Alikhil),58,86,85,6,0,67.44,Netherlands,Afghanistan,1,10
Scott Edwards,run out (Ikram Alikhil),0,1,1,0,0,0.0,Netherlands,Afghanistan,1,10
Bas de Leede,c Ikram Alikhil b Mohammad Nabi,3,6,5,0,0,50.0,Netherlands,Afghanistan,1,10
Saqib Zulfiqar,c Ikram Alikhil b Noor Ahmad,3,15,19,0,0,20.0,Netherlands,Afghanistan,1,10
Logan van Beek,st Ikram Alikhil b Mohammad Nabi,2,13,16,0,0,15.38,Netherlands,Afghanistan,1,10
Roelof van der Merwe,c Ibrahim Zadran b Noor Ahmad,11,33,36,0,0,33.33,Netherlands,Afghanistan,1,10
Aryan Dutt,not out,10,22,42,0,0,45.45,Netherlands,Afghanistan,1,10
Paul van Meekeren,lbw b Mohammad Nabi,4,24,18,0,0,16.66,Netherlands,Afghanistan,1,10
Pathum Nissanka,b Tanzim Hasan Sakib,41,36,61,8,0,113.88,Sri Lanka,Bangladesh,1,11
Kusal Perera,c Mushfiqur Rahim b Shoriful Islam,4,5,5,1,0,80.0,Sri Lanka,Bangladesh,1,11
Kusal Mendis,c Shoriful Islam b Shakib Al Hasan,19,30,49,1,1,63.33,Sri Lanka,Bangladesh,1,11
Sadeera Samarawickrama,c Mahmudullah b Shakib Al Hasan,41,42,53,4,0,97.61,Sri Lanka,Bangladesh,1,11
Charith Asalanka,c Litton Das b Tanzim Hasan Sakib,108,105,159,6,5,102.85,Sri Lanka,Bangladesh,1,11
Angelo Mathews,timed out,0,0,4,0,0,0.0,Sri Lanka,Bangladesh,1,11
Dhananjaya de Silva,st Mushfiqur Rahim b Mehidy Hasan Miraz,34,36,58,4,1,94.44,Sri Lanka,Bangladesh,1,11
Maheesh Theekshana,c sub (Nasum Ahmed) b Shoriful Islam,21,31,35,3,0,67.74,Sri Lanka,Bangladesh,1,11
Dushmantha Chameera,run out (Mushfiqur Rahim),4,9,17,0,0,44.44,Sri Lanka,Bangladesh,1,11
Kasun Rajitha,c Litton Das b Tanzim Hasan Sakib,0,2,1,0,0,0.0,Sri Lanka,Bangladesh,1,11
Dilshan Madushanka,not out,0,1,3,0,0,0.0,Sri Lanka,Bangladesh,1,11
Devon Conway,c Iyer b Mohammed Siraj,0,9,16,0,0,0.0,New Zealand,India,1,12
Will Young,b Mohammed Shami,17,27,41,3,0,62.96,New Zealand,India,1,12
Rachin Ravindra,c Shubman Gill b Mohammed Shami,75,87,133,6,1,86.2,New Zealand,India,1,12
Daryl Mitchell,c Kohli b Mohammed Shami,130,127,192,9,5,102.36,New Zealand,India,1,12
Tom Latham,lbw b Kuldeep Yadav,5,7,16,1,0,71.42,New Zealand,India,1,12
Glenn Phillips,c Sharma b Kuldeep Yadav,23,26,36,0,1,88.46,New Zealand,India,1,12
Mark Chapman,c Kohli b Bumrah,6,8,11,0,0,75.0,New Zealand,India,1,12
Mitchell Santner,b Mohammed Shami,1,2,3,0,0,50.0,New Zealand,India,1,12
Matt Henry,b Mohammed Shami,0,1,1,0,0,0.0,New Zealand,India,1,12
Lockie Ferguson,run out (Rahul),1,5,12,0,0,20.0,New Zealand,India,1,12
Trent Boult,not out,0,1,1,0,0,0.0,New Zealand,India,1,12
David Warner,c & b Phillips,81,65,77,5,6,124.61,Australia,New Zealand,1,13
Travis Head,b Phillips,109,67,94,10,7,162.68,Australia,New Zealand,1,13
Mitchell Marsh,b Santner,36,51,65,2,0,70.58,Australia,New Zealand,1,13
Steven Smith,c Boult b Phillips,18,17,19,2,0,105.88,Australia,New Zealand,1,13
Marnus Labuschagne,c Ravindra b Santner,18,26,36,2,0,69.23,Australia,New Zealand,1,13
Glenn Maxwell,c Boult b Neesham,41,24,37,5,2,170.83,Australia,New Zealand,1,13
Josh Inglis,c Phillips b Boult,38,28,48,4,1,135.71,Australia,New Zealand,1,13
Pat Cummins,lbw b Boult,37,14,23,2,4,264.28,Australia,New Zealand,1,13
Mitchell Starc,c Neesham b Henry,1,3,7,0,0,33.33,Australia,New Zealand,1,13
Adam Zampa,b Boult,0,3,2,0,0,0.0,Australia,New Zealand,1,13
Josh Hazlewood,not out,0,0,1,0,0,0.0,Australia,New Zealand,1,13
Vikramjit Singh,c Klaasen b Rabada,2,16,28,0,0,12.5,Netherlands,South Africa,1,14
Max O'Dowd,c de Kock b Jansen,18,25,33,4,0,72.0,Netherlands,South Africa,1,14
Colin Ackermann,b Coetzee,12,25,40,1,0,48.0,Netherlands,South Africa,1,14
Bas de Leede,lbw b Rabada,2,7,16,0,0,28.57,Netherlands,South Africa,1,14
Sybrand Engelbrecht,c Jansen b Ngidi,19,37,41,1,1,51.35,Netherlands,South Africa,1,14
Teja Nidamanuru,lbw b Jansen,20,25,56,3,0,80.0,Netherlands,South Africa,1,14
Scott Edwards,not out,78,69,102,10,1,113.04,Netherlands,South Africa,1,14
Logan van Beek,st de Kock b Maharaj,10,27,22,1,0,37.03,Netherlands,South Africa,1,14
Roelof van der Merwe,c de Kock b Ngidi,29,19,30,3,1,152.63,Netherlands,South Africa,1,14
Aryan Dutt,not out,23,9,14,0,3,255.55,Netherlands,South Africa,1,14
Quinton de Kock,c Buttler b Topley,4,2,3,1,0,200.0,South Africa,England,1,15
Reeza Hendricks,b Rashid,85,75,111,9,3,113.33,South Africa,England,1,15
Rassie van der Dussen,c Bairstow b Rashid,60,61,86,8,0,98.36,South Africa,England,1,15
Aiden Markram,c Bairstow b Topley,42,44,63,4,0,95.45,South Africa,England,1,15
Heinrich Klaasen,b Atkinson,109,67,119,12,4,162.68,South Africa,England,1,15
David Miller,c Stokes b Topley,5,6,7,1,0,83.33,South Africa,England,1,15
Marco Jansen,not out,75,42,72,3,6,178.57,South Africa,England,1,15
Gerald Coetzee,c sub (LS Livingstone) b Atkinson,3,3,2,0,0,100.0,South Africa,England,1,15
Keshav Maharaj,not out,1,1,1,0,0,100.0,South Africa,England,1,15
Quinton de Kock,c Cummins b Hazlewood,3,14,27,0,0,21.42,South Africa,Australia,1,16
Temba Bavuma,c Inglis b Starc,0,4,5,0,0,0.0,South Africa,Australia,1,16
Rassie van der Dussen,c Smith b Hazlewood,6,31,53,0,0,19.35,South Africa,Australia,1,16
Aiden Markram,c Warner b Starc,10,20,24,2,0,50.0,South Africa,Australia,1,16
Heinrich Klaasen,b Head,47,48,76,4,2,97.91,South Africa,Australia,1,16
David Miller,c Head b Cummins,101,116,138,8,5,87.06,South Africa,Australia,1,16
Marco Jansen,lbw b Head,0,1,1,0,0,0.0,South Africa,Australia,1,16
Gerald Coetzee,c Inglis b Cummins,19,39,42,2,0,48.71,South Africa,Australia,1,16
Keshav Maharaj,c Smith b Starc,4,8,13,0,0,50.0,South Africa,Australia,1,16
Kagiso Rabada,c Maxwell b Cummins,10,12,18,0,1,83.33,South Africa,Australia,1,16
Tabraiz Shamsi,not out,1,5,11,0,0,20.0,South Africa,Australia,1,16
Jonny Bairstow,c Mitchell b Santner,33,35,57,4,1,94.28,England,New Zealand,1,17
Dawid Malan,c Latham b Henry,14,24,36,2,0,58.33,England,New Zealand,1,17
Joe Root,b Phillips,77,86,140,4,1,89.53,England,New Zealand,1,17
Harry Brook,c Conway b Ravindra,25,16,20,4,1,156.25,England,New Zealand,1,17
Moeen Ali,b Phillips,11,17,20,1,0,64.7,England,New Zealand,1,17
Jos Buttler,c Latham b Henry,43,42,48,2,2,102.38,England,New Zealand,1,17
Liam Livingstone,c Henry b Boult,20,22,23,3,0,90.9,England,New Zealand,1,17
Sam Curran,c Latham b Henry,14,19,30,0,0,73.68,England,New Zealand,1,17
Chris Woakes,c Young b Santner,11,12,15,1,0,91.66,England,New Zealand,1,17
Adil Rashid,not out,15,13,23,0,1,115.38,England,New Zealand,1,17
Mark Wood,not out,13,14,19,0,0,92.85,England,New Zealand,1,17
Pathum Nissanka,c Warner b Cummins,61,67,103,8,0,91.04,Sri Lanka,Australia,1,18
Kusal Perera,b Cummins,78,82,123,12,0,95.12,Sri Lanka,Australia,1,18
Kusal Mendis,c Warner b Zampa,9,13,27,0,0,69.23,Sri Lanka,Australia,1,18
Sadeera Samarawickrama,lbw b Zampa,8,8,15,1,0,100.0,Sri Lanka,Australia,1,18
Charith Asalanka,c Labuschagne b Maxwell,25,39,75,0,1,64.1,Sri Lanka,Australia,1,18
Dhananjaya de Silva,b Starc,7,13,13,1,0,53.84,Sri Lanka,Australia,1,18
Dunith Wellalage,run out (Cummins),2,9,9,0,0,22.22,Sri Lanka,Australia,1,18
Chamika Karunaratne,lbw b Zampa,2,11,12,0,0,18.18,Sri Lanka,Australia,1,18
Maheesh Theekshana,lbw b Zampa,0,5,7,0,0,0.0,Sri Lanka,Australia,1,18
Lahiru Kumara,b Starc,4,8,6,1,0,50.0,Sri Lanka,Australia,1,18
Dilshan Madushanka,not out,0,6,12,0,0,0.0,Sri Lanka,Australia,1,18
Rahmanullah Gurbaz,c Tanzid Hasan b Mustafizur Rahman,47,62,112,4,1,75.8,Afghanistan,Bangladesh,1,19
Ibrahim Zadran,c Tanzid Hasan b Shakib Al Hasan,22,25,41,3,1,88.0,Afghanistan,Bangladesh,1,19
Rahmat Shah,c Litton Das b Shakib Al Hasan,18,25,30,1,0,72.0,Afghanistan,Bangladesh,1,19
Hashmatullah Shahidi,c Towhid Hridoy b Mehidy Hasan Miraz,18,38,34,2,0,47.36,Afghanistan,Bangladesh,1,19
Najibullah Zadran,b Shakib Al Hasan,5,13,16,0,0,38.46,Afghanistan,Bangladesh,1,19
Mohammad Nabi,b Taskin Ahmed,6,12,19,0,0,50.0,Afghanistan,Bangladesh,1,19
Azmatullah Omarzai,b Shoriful Islam,22,20,32,4,0,110.0,Afghanistan,Bangladesh,1,19
Rashid Khan,b Mehidy Hasan Miraz,9,16,16,1,0,56.25,Afghanistan,Bangladesh,1,19
Mujeeb Ur Rahman,b Mehidy Hasan Miraz,1,4,9,0,0,25.0,Afghanistan,Bangladesh,1,19
Naveen-ul-Haq,c Towhid Hridoy b Shoriful Islam,0,6,8,0,0,0.0,Afghanistan,Bangladesh,1,19
Fazalhaq Farooqi,not out,0,3,3,0,0,0.0,Afghanistan,Bangladesh,1,19
David Warner,c & b Kuldeep Yadav,41,52,76,6,0,78.84,Australia,India,1,20
Mitchell Marsh,c Kohli b Bumrah,0,6,11,0,0,0.0,Australia,India,1,20
Steven Smith,b Jadeja,46,71,112,5,0,64.78,Australia,India,1,20
Marnus Labuschagne,c Rahul b Jadeja,27,41,58,1,0,65.85,Australia,India,1,20
Glenn Maxwell,b Kuldeep Yadav,15,25,44,1,0,60.0,Australia,India,1,20
Alex Carey,lbw b Jadeja,0,2,1,0,0,0.0,Australia,India,1,20
Cameron Green,c Pandya b Ashwin,8,20,31,0,0,40.0,Australia,India,1,20
Pat Cummins,c Iyer b Bumrah,15,24,26,1,1,62.5,Australia,India,1,20
Mitchell Starc,c Iyer b Mohammed Siraj,28,35,58,2,1,80.0,Australia,India,1,20
Adam Zampa,c Kohli b Pandya,6,20,28,0,0,30.0,Australia,India,1,20
Josh Hazlewood,not out,1,1,6,0,0,100.0,Australia,India,1,20
Travis Head,c Root b Woakes,11,10,8,1,0,110.0,Australia,England,1,21
David Warner,c Willey b Woakes,15,16,29,1,1,93.75,Australia,England,1,21
Steven Smith,c Ali b Rashid,44,52,85,3,0,84.61,Australia,England,1,21
Marnus Labuschagne,lbw b Wood,71,83,111,7,0,85.54,Australia,England,1,21
Josh Inglis,c Ali b Rashid,3,6,5,0,0,50.0,Australia,England,1,21
Cameron Green,b Willey,47,52,81,5,0,90.38,Australia,England,1,21
Marcus Stoinis,c Bairstow b Livingstone,35,32,53,3,2,109.37,Australia,England,1,21
Pat Cummins,c Malan b Wood,10,13,17,1,0,76.92,Australia,England,1,21
Mitchell Starc,c Ali b Woakes,10,13,30,0,0,76.92,Australia,England,1,21
Adam Zampa,c Buttler b Woakes,29,19,23,4,0,152.63,Australia,England,1,21
Josh Hazlewood,not out,1,1,1,0,0,100.0,Australia,England,1,21
Tanzid Hasan,c & b Abbott,36,34,55,6,0,105.88,Bangladesh,Australia,1,22
Litton Das,c Labuschagne b Zampa,36,45,76,5,0,80.0,Bangladesh,Australia,1,22
Najmul Hossain Shanto,run out (Labuschagne/Inglis),45,57,59,6,0,78.94,Bangladesh,Australia,1,22
Towhid Hridoy,c Labuschagne b Stoinis,74,79,121,5,2,93.67,Bangladesh,Australia,1,22
Mahmudullah,run out (Labuschagne),32,28,34,1,3,114.28,Bangladesh,Australia,1,22
Mushfiqur Rahim,c Cummins b Zampa,21,24,27,0,1,87.5,Bangladesh,Australia,1,22
Mehidy Hasan Miraz,c Cummins b Abbott,29,20,33,4,0,145.0,Bangladesh,Australia,1,22
Nasum Ahmed,run out (Abbott),7,11,15,0,0,63.63,Bangladesh,Australia,1,22
Mahedi Hasan,not out,2,3,4,0,0,66.66,Bangladesh,Australia,1,22
Taskin Ahmed,not out,0,1,2,0,0,0.0,Bangladesh,Australia,1,22
Jonny Bairstow,b Shakib Al Hasan,52,59,80,8,0,88.13,England,Bangladesh,1,23
Dawid Malan,b Mahedi Hasan,140,107,106,16,5,130.84,England,Bangladesh,1,23
Joe Root,c Mushfiqur Rahim b Shoriful Islam,82,68,107,8,1,120.58,England,Bangladesh,1,23
Jos Buttler,b Shoriful Islam,20,10,11,1,1,200.0,England,Bangladesh,1,23
Harry Brook,c Litton Das b Mahedi Hasan,20,15,23,3,0,133.33,England,Bangladesh,1,23
Liam Livingstone,b Shoriful Islam,0,1,1,0,0,0.0,England,Bangladesh,1,23
Sam Curran,c Najmul Hossain Shanto b Mahedi Hasan,11,15,20,1,0,73.33,England,Bangladesh,1,23
Chris Woakes,c Mahedi Hasan b Taskin Ahmed,14,11,21,2,0,127.27,England,Bangladesh,1,23
Adil Rashid,c Najmul Hossain Shanto b Mahedi Hasan,11,7,8,1,0,157.14,England,Bangladesh,1,23
Mark Wood,not out,6,5,6,1,0,120.0,England,Bangladesh,1,23
Reece Topley,not out,1,2,2,0,0,50.0,England,Bangladesh,1,23
Rahmanullah Gurbaz,run out (sub [DJ Willey]/Buttler),80,57,87,8,4,140.35,Afghanistan,England,1,24
Ibrahim Zadran,c Root b Rashid,28,48,73,3,0,58.33,Afghanistan,England,1,24
Rahmat Shah,st Buttler b Rashid,3,8,10,0,0,37.5,Afghanistan,England,1,24
Hashmatullah Shahidi,b Root,14,36,46,0,0,38.88,Afghanistan,England,1,24
Azmatullah Omarzai,c Woakes b Livingstone,19,24,25,1,1,79.16,Afghanistan,England,1,24
Ikram Alikhil,c Curran b Topley,58,66,92,3,2,87.87,Afghanistan,England,1,24
Mohammad Nabi,c Root b Wood,9,15,14,1,0,60.0,Afghanistan,England,1,24
Rashid Khan,c Root b Rashid,23,22,37,3,0,104.54,Afghanistan,England,1,24
Mujeeb Ur Rahman,c Root b Wood,28,16,22,3,1,175.0,Afghanistan,England,1,24
Naveen-ul-Haq,run out (Buttler),5,6,9,1,0,83.33,Afghanistan,England,1,24
Fazalhaq Farooqi,not out,2,4,7,0,0,50.0,Afghanistan,England,1,24
Jonny Bairstow,c de Silva b Rajitha,30,31,64,3,0,96.77,England,Sri Lanka,1,25
Dawid Malan,c Mendis b Mathews,28,25,32,6,0,112.0,England,Sri Lanka,1,25
Joe Root,run out (Mathews/Mendis),3,10,14,0,0,30.0,England,Sri Lanka,1,25
Ben Stokes,c sub (MADI Hemantha) b Kumara,43,73,98,6,0,58.9,England,Sri Lanka,1,25
Jos Buttler,c Mendis b Kumara,8,6,6,1,0,133.33,England,Sri Lanka,1,25
Liam Livingstone,lbw b Kumara,1,6,9,0,0,16.66,England,Sri Lanka,1,25
Moeen Ali,c Perera b Mathews,15,15,33,1,0,100.0,England,Sri Lanka,1,25
Chris Woakes,c Samarawickrama b Rajitha,0,4,8,0,0,0.0,England,Sri Lanka,1,25
David Willey,not out,14,17,34,1,1,82.35,England,Sri Lanka,1,25
Adil Rashid,run out (Mendis),2,7,7,0,0,28.57,England,Sri Lanka,1,25
Mark Wood,st Mendis b Theekshana,5,6,6,1,0,83.33,England,Sri Lanka,1,25
Devon Conway,c de Leede b van der Merwe,32,40,51,5,1,80.0,New Zealand,Netherlands,1,26
Will Young,c de Leede b van Meekeren,70,80,106,7,2,87.5,New Zealand,Netherlands,1,26
Rachin Ravindra,c Edwards b van der Merwe,51,51,87,3,1,100.0,New Zealand,Netherlands,1,26
Daryl Mitchell,b van Meekeren,48,47,67,5,2,102.12,New Zealand,Netherlands,1,26
Tom Latham,st Edwards b Dutt,53,46,72,6,1,115.21,New Zealand,Netherlands,1,26
Glenn Phillips,c Edwards b de Leede,4,4,6,1,0,100.0,New Zealand,Netherlands,1,26
Mark Chapman,c van der Merwe b Dutt,5,13,11,0,0,38.46,New Zealand,Netherlands,1,26
Mitchell Santner,not out,36,17,25,3,2,211.76,New Zealand,Netherlands,1,26
Matt Henry,not out,10,4,6,0,1,250.0,New Zealand,Netherlands,1,26
Rahmanullah Gurbaz,c Starc b Hazlewood,21,25,38,2,0,84.0,Afghanistan,Australia,1,27
Ibrahim Zadran,not out,129,143,217,8,3,90.2,Afghanistan,Australia,1,27
Rahmat Shah,c Hazlewood b Maxwell,30,44,61,1,0,68.18,Afghanistan,Australia,1,27
Hashmatullah Shahidi,b Starc,26,43,50,2,0,60.46,Afghanistan,Australia,1,27
Azmatullah Omarzai,c Maxwell b Zampa,22,18,23,1,2,122.22,Afghanistan,Australia,1,27
Mohammad Nabi,b Hazlewood,12,10,15,0,1,120.0,Afghanistan,Australia,1,27
Rashid Khan,not out,35,18,25,2,3,194.44,Afghanistan,Australia,1,27
Abdullah Shafique,c Ngidi b Jansen,9,17,21,1,0,52.94,Pakistan,South Africa,1,28
Imam-ul-Haq,c Klaasen b Jansen,12,18,35,2,0,66.66,Pakistan,South Africa,1,28
Babar Azam,c de Kock b Shamsi,50,65,100,4,1,76.92,Pakistan,South Africa,1,28
Mohammad Rizwan,c de Kock b Coetzee,31,27,35,4,1,114.81,Pakistan,South Africa,1,28
Iftikhar Ahmed,c Klaasen b Shamsi,21,31,38,1,1,67.74,Pakistan,South Africa,1,28
Saud Shakeel,c de Kock b Shamsi,52,52,81,7,0,100.0,Pakistan,South Africa,1,28
Shadab Khan,c Maharaj b Coetzee,43,36,53,3,2,119.44,Pakistan,South Africa,1,28
Mohammad Nawaz,c Miller b Jansen,24,24,32,1,2,100.0,Pakistan,South Africa,1,28
Shaheen Shah Afridi,c Maharaj b Shamsi,2,4,10,0,0,50.0,Pakistan,South Africa,1,28
Mohammad Wasim,c de Kock b Ngidi,7,9,13,0,1,77.77,Pakistan,South Africa,1,28
Haris Rauf,not out,0,1,5,0,0,0.0,Pakistan,South Africa,1,28
Quinton de Kock,c Phillips b Southee,114,116,176,10,3,98.27,South Africa,New Zealand,1,29
Temba Bavuma,c Mitchell b Boult,24,28,37,4,1,85.71,South Africa,New Zealand,1,29
Rassie van der Dussen,b Southee,133,118,172,9,5,112.71,South Africa,New Zealand,1,29
David Miller,c Mitchell b Neesham,53,30,48,2,4,176.66,South Africa,New Zealand,1,29
Heinrich Klaasen,not out,15,7,13,1,1,214.28,South Africa,New Zealand,1,29
Aiden Markram,not out,6,1,1,0,1,600.0,South Africa,New Zealand,1,29
Quinton de Kock,c de Silva b Pathirana,100,84,140,12,3,119.04,South Africa,Sri Lanka,1,30
Temba Bavuma,lbw b Madushanka,8,5,9,2,0,160.0,South Africa,Sri Lanka,1,30
Rassie van der Dussen,c Samarawickrama b Wellalage,108,110,161,13,2,98.18,South Africa,Sri Lanka,1,30
Aiden Markram,c Rajitha b Madushanka,106,54,84,14,3,196.29,South Africa,Sri Lanka,1,30
Heinrich Klaasen,c Shanaka b Rajitha,32,20,30,1,3,160.0,South Africa,Sri Lanka,1,30
David Miller,not out,39,21,36,3,2,185.71,South Africa,Sri Lanka,1,30
Marco Jansen,not out,12,7,15,0,1,171.42,South Africa,Sri Lanka,1,30
Mitchell Marsh,c Ackermann b van Beek,9,15,15,2,0,60.0,Australia,Netherlands,1,31
David Warner,c Dutt b van Beek,104,93,182,11,3,111.82,Australia,Netherlands,1,31
Steven Smith,c van der Merwe b Dutt,71,68,88,9,1,104.41,Australia,Netherlands,1,31
Marnus Labuschagne,c Dutt b de Leede,62,47,60,7,2,131.91,Australia,Netherlands,1,31
Josh Inglis,c Engelbrecht b de Leede,14,12,12,1,1,116.66,Australia,Netherlands,1,31
Glenn Maxwell,c Engelbrecht b van Beek,106,44,53,9,8,240.9,Australia,Netherlands,1,31
Cameron Green,run out (Engelbrecht),8,11,15,1,0,72.72,Australia,Netherlands,1,31
Pat Cummins,not out,12,9,39,2,0,133.33,Australia,Netherlands,1,31
Mitchell Starc,c Ackermann b van Beek,0,1,1,0,0,0.0,Australia,Netherlands,1,31
Adam Zampa,not out,1,1,2,0,0,100.0,Australia,Netherlands,1,31
Tanzid Hasan,lbw b Kuldeep Yadav,51,43,75,5,3,118.6,Bangladesh,India,1,32
Litton Das,c Shubman Gill b Jadeja,66,82,124,7,0,80.48,Bangladesh,India,1,32
Najmul Hossain Shanto,lbw b Jadeja,8,17,18,0,0,47.05,Bangladesh,India,1,32
Mehidy Hasan Miraz,c Rahul b Mohammed Siraj,3,13,15,0,0,23.07,Bangladesh,India,1,32
Towhid Hridoy,c Shubman Gill b Thakur,16,35,54,0,0,45.71,Bangladesh,India,1,32
Mushfiqur Rahim,c Jadeja b Bumrah,38,46,60,1,1,82.6,Bangladesh,India,1,32
Mahmudullah,b Bumrah,46,36,60,3,3,127.77,Bangladesh,India,1,32
Nasum Ahmed,c Rahul b Mohammed Siraj,14,18,21,2,0,77.77,Bangladesh,India,1,32
Mustafizur Rahman,not out,1,7,19,0,0,14.28,Bangladesh,India,1,32
Shoriful Islam,not out,7,3,2,0,1,233.33,Bangladesh,India,1,32
Quinton de Kock,b Maxwell,109,106,147,8,5,102.83,South Africa,Australia,1,33
Temba Bavuma,c Warner b Maxwell,35,55,84,2,0,63.63,South Africa,Australia,1,33
Rassie van der Dussen,c sub (SA Abbott) b Zampa,26,30,33,2,0,86.66,South Africa,Australia,1,33
Aiden Markram,c Hazlewood b Cummins,56,44,61,7,1,127.27,South Africa,Australia,1,33
Heinrich Klaasen,c Inglis b Hazlewood,29,27,40,3,0,107.4,South Africa,Australia,1,33
David Miller,b Starc,17,13,35,1,1,130.76,South Africa,Australia,1,33
Marco Jansen,c Warner b Starc,26,22,25,3,1,118.18,South Africa,Australia,1,33
Kagiso Rabada,not out,0,1,4,0,0,0.0,South Africa,Australia,1,33
Keshav Maharaj,not out,0,2,1,0,0,0.0,South Africa,Australia,1,33
Devon Conway,lbw b Mujeeb Ur Rahman,20,18,27,3,0,111.11,New Zealand,Afghanistan,1,34
Will Young,c Ikram Alikhil b Azmatullah Omarzai,54,64,98,4,3,84.37,New Zealand,Afghanistan,1,34
Rachin Ravindra,b Azmatullah Omarzai,32,41,64,2,1,78.04,New Zealand,Afghanistan,1,34
Daryl Mitchell,c Ibrahim Zadran b Rashid Khan,1,7,6,0,0,14.28,New Zealand,Afghanistan,1,34
Tom Latham,b Naveen-ul-Haq,68,74,114,3,2,91.89,New Zealand,Afghanistan,1,34
Glenn Phillips,c Rashid Khan b Naveen-ul-Haq,71,80,109,4,4,88.75,New Zealand,Afghanistan,1,34
Mark Chapman,not out,25,12,15,2,1,208.33,New Zealand,Afghanistan,1,34
Mitchell Santner,not out,7,5,13,1,0,140.0,New Zealand,Afghanistan,1,34
Pathum Nissanka,c Rahmanullah Gurbaz b Azmatullah Omarzai,46,60,82,5,0,76.66,Sri Lanka,Afghanistan,1,35
Dimuth Karunaratne,lbw b Fazalhaq Farooqi,15,21,25,1,0,71.42,Sri Lanka,Afghanistan,1,35
Kusal Mendis,c sub (Najibullah Zadran) b Mujeeb Ur Rahman,39,50,91,3,0,78.0,Sri Lanka,Afghanistan,1,35
Sadeera Samarawickrama,lbw b Mujeeb Ur Rahman,36,40,42,3,0,90.0,Sri Lanka,Afghanistan,1,35
Charith Asalanka,c Rashid Khan b Fazalhaq Farooqi,22,28,48,2,0,78.57,Sri Lanka,Afghanistan,1,35
Dhananjaya de Silva,b Rashid Khan,14,26,24,1,0,53.84,Sri Lanka,Afghanistan,1,35
Angelo Mathews,c Mohammad Nabi b Fazalhaq Farooqi,23,26,61,1,1,88.46,Sri Lanka,Afghanistan,1,35
Dushmantha Chameera,run out (Ibrahim Zadran),1,4,5,0,0,25.0,Sri Lanka,Afghanistan,1,35
Maheesh Theekshana,b Fazalhaq Farooqi,29,31,31,3,1,93.54,Sri Lanka,Afghanistan,1,35
Kasun Rajitha,run out (Rahmanullah Gurbaz),5,7,14,0,0,71.42,Sri Lanka,Afghanistan,1,35
Dilshan Madushanka,not out,0,4,5,0,0,0.0,Sri Lanka,Afghanistan,1,35
Rohit Sharma,c Bavuma b Rabada,40,24,32,6,2,166.66,India,South Africa,1,36
Shubman Gill,b Maharaj,23,24,54,4,1,95.83,India,South Africa,1,36
Virat Kohli,not out,101,121,195,10,0,83.47,India,South Africa,1,36
Shreyas Iyer,c Markram b Ngidi,77,87,101,7,2,88.5,India,South Africa,1,36
KL Rahul,c van der Dussen b Jansen,8,17,29,0,0,47.05,India,South Africa,1,36
Suryakumar Yadav,c de Kock b Shamsi,22,14,19,5,0,157.14,India,South Africa,1,36
Ravindra Jadeja,not out,29,15,21,3,1,193.33,India,South Africa,1,36
David Warner,c sub (Shadab Khan) b Haris Rauf,163,124,180,14,9,131.45,Australia,Pakistan,1,37
Mitchell Marsh,c Usama Mir b Shaheen Shah Afridi,121,108,139,10,9,112.03,Australia,Pakistan,1,37
Glenn Maxwell,c Babar Azam b Shaheen Shah Afridi,0,1,1,0,0,0.0,Australia,Pakistan,1,37
Steven Smith,c & b Usama Mir,7,9,17,0,0,77.77,Australia,Pakistan,1,37
Marcus Stoinis,lbw b Shaheen Shah Afridi,21,24,46,1,1,87.5,Australia,Pakistan,1,37
Josh Inglis,c Mohammad Rizwan b Haris Rauf,13,9,10,3,0,144.44,Australia,Pakistan,1,37
Marnus Labuschagne,c sub (Shadab Khan) b Haris Rauf,8,12,23,1,0,66.66,Australia,Pakistan,1,37
Pat Cummins,not out,6,8,17,0,0,75.0,Australia,Pakistan,1,37
Mitchell Starc,c Saud Shakeel b Shaheen Shah Afridi,2,3,3,0,0,66.66,Australia,Pakistan,1,37
Josh Hazlewood,c Mohammad Rizwan b Shaheen Shah Afridi,0,1,1,0,0,0.0,Australia,Pakistan,1,37
Adam Zampa,not out,1,1,4,0,0,100.0,Australia,Pakistan,1,37
Jonny Bairstow,c van Meekeren b Dutt,15,17,29,2,0,88.23,England,Netherlands,1,38
Dawid Malan,run out (Edwards/van Beek),87,74,92,10,2,117.56,England,Netherlands,1,38
Joe Root,b van Beek,28,35,53,1,0,80.0,England,Netherlands,1,38
Ben Stokes,c Engelbrecht b van Beek,108,84,136,6,6,128.57,England,Netherlands,1,38
Harry Brook,c Ackermann b de Leede,11,16,19,2,0,68.75,England,Netherlands,1,38
Jos Buttler,c Nidamanuru b van Meekeren,5,11,12,0,0,45.45,England,Netherlands,1,38
Moeen Ali,c de Leede b Dutt,4,15,20,0,0,26.66,England,Netherlands,1,38
Chris Woakes,c Edwards b de Leede,51,45,66,5,1,113.33,England,Netherlands,1,38
David Willey,c Engelbrecht b de Leede,6,2,1,0,1,300.0,England,Netherlands,1,38
Gus Atkinson,not out,2,1,7,0,0,200.0,England,Netherlands,1,38
Adil Rashid,not out,1,1,3,0,0,100.0,England,Netherlands,1,38
Tanzid Hasan,lbw b Shaheen Shah Afridi,0,5,7,0,0,0.0,Bangladesh,Pakistan,1,39
Litton Das,c Agha Salman b Iftikhar Ahmed,45,64,100,6,0,70.31,Bangladesh,Pakistan,1,39
Najmul Hossain Shanto,c Usama Mir b Shaheen Shah Afridi,4,3,8,1,0,133.33,Bangladesh,Pakistan,1,39
Mushfiqur Rahim,c Mohammad Rizwan b Haris Rauf,5,8,18,1,0,62.5,Bangladesh,Pakistan,1,39
Mahmudullah,b Shaheen Shah Afridi,56,70,108,6,1,80.0,Bangladesh,Pakistan,1,39
Shakib Al Hasan,c Agha Salman b Haris Rauf,43,64,82,4,0,67.18,Bangladesh,Pakistan,1,39
Towhid Hridoy,c Iftikhar Ahmed b Usama Mir,7,3,9,0,1,233.33,Bangladesh,Pakistan,1,39
Mehidy Hasan Miraz,b Mohammad Wasim,25,30,50,1,1,83.33,Bangladesh,Pakistan,1,39
Taskin Ahmed,b Mohammad Wasim,6,13,20,0,0,46.15,Bangladesh,Pakistan,1,39
Mustafizur Rahman,b Mohammad Wasim,3,7,11,0,0,42.85,Bangladesh,Pakistan,1,39
Shoriful Islam,not out,1,4,8,0,0,25.0,Bangladesh,Pakistan,1,39
Pathum Nissanka,c Abdullah Shafique b Shadab Khan,51,61,79,7,1,83.6,Sri Lanka,Pakistan,1,40
Kusal Perera,c Mohammad Rizwan b Hasan Ali,0,4,7,0,0,0.0,Sri Lanka,Pakistan,1,40
Kusal Mendis,c Imam-ul-Haq b Hasan Ali,122,77,124,14,6,158.44,Sri Lanka,Pakistan,1,40
Sadeera Samarawickrama,c Mohammad Rizwan b Hasan Ali,108,89,139,11,2,121.34,Sri Lanka,Pakistan,1,40
Charith Asalanka,c Mohammad Rizwan b Hasan Ali,1,3,5,0,0,33.33,Sri Lanka,Pakistan,1,40
Dhananjaya de Silva,c Shaheen Shah Afridi b Mohammad Nawaz,25,34,47,3,0,73.52,Sri Lanka,Pakistan,1,40
Dasun Shanaka,c Babar Azam b Shaheen Shah Afridi,12,18,23,0,0,66.66,Sri Lanka,Pakistan,1,40
Dunith Wellalage,c Abdullah Shafique b Haris Rauf,10,8,18,1,0,125.0,Sri Lanka,Pakistan,1,40
Maheesh Theekshana,b Haris Rauf,0,4,6,0,0,0.0,Sri Lanka,Pakistan,1,40
Matheesha Pathirana,not out,1,3,3,0,0,33.33,Sri Lanka,Pakistan,1,40
Rohit Sharma,c Barresi b de Leede,61,54,74,8,2,112.96,India,Netherlands,1,41
Shubman Gill,c Nidamanuru b van Meekeren,51,32,49,3,4,159.37,India,Netherlands,1,41
Virat Kohli,b van der Merwe,51,56,69,5,1,91.07,India,Netherlands,1,41
Shreyas Iyer,not out,128,94,145,10,5,136.17,India,Netherlands,1,41
KL Rahul,c Engelbrecht b de Leede,102,64,98,11,4,159.37,India,Netherlands,1,41
Suryakumar Yadav,not out,2,1,1,0,0,200.0,India,Netherlands,1,41
Devon Conway,c Mohammad Rizwan b Hasan Ali,35,39,48,6,0,89.74,New Zealand,Pakistan,1,42
Rachin Ravindra,c Saud Shakeel b Mohammad Wasim,108,94,170,15,1,114.89,New Zealand,Pakistan,1,42
Kane Williamson,c Fakhar Zaman b Iftikhar Ahmed,95,79,111,10,2,120.25,New Zealand,Pakistan,1,42
Daryl Mitchell,b Haris Rauf,29,18,32,4,1,161.11,New Zealand,Pakistan,1,42
Mark Chapman,b Mohammad Wasim,39,27,42,7,0,144.44,New Zealand,Pakistan,1,42
Glenn Phillips,b Mohammad Wasim,41,25,40,4,2,164.0,New Zealand,Pakistan,1,42
Mitchell Santner,not out,26,17,27,0,2,152.94,New Zealand,Pakistan,1,42
Tom Latham,not out,2,2,4,0,0,100.0,New Zealand,Pakistan,1,42
Rahmanullah Gurbaz,c Thakur b Pandya,21,28,65,3,1,75.0,Afghanistan,India,1,43
Ibrahim Zadran,c Rahul b Bumrah,22,28,31,4,0,78.57,Afghanistan,India,1,43
Rahmat Shah,lbw b Thakur,16,22,37,3,0,72.72,Afghanistan,India,1,43
Hashmatullah Shahidi,lbw b Kuldeep Yadav,80,88,128,8,1,90.9,Afghanistan,India,1,43
Azmatullah Omarzai,b Pandya,62,69,82,2,4,89.85,Afghanistan,India,1,43
Mohammad Nabi,lbw b Bumrah,19,27,52,1,0,70.37,Afghanistan,India,1,43
Najibullah Zadran,c Kohli b Bumrah,2,8,6,0,0,25.0,Afghanistan,India,1,43
Rashid Khan,c Kuldeep Yadav b Bumrah,16,12,18,1,1,133.33,Afghanistan,India,1,43
Mujeeb Ur Rahman,not out,10,12,22,2,0,83.33,Afghanistan,India,1,43
Naveen-ul-Haq,not out,9,8,8,1,0,112.5,Afghanistan,India,1,43
Abdullah Shafique,lbw b Noor Ahmad,58,75,89,5,2,77.33,Pakistan,Afghanistan,1,44
Imam-ul-Haq,c Naveen-ul-Haq b Azmatullah Omarzai,17,22,44,2,0,77.27,Pakistan,Afghanistan,1,44
Babar Azam,c Mohammad Nabi b Noor Ahmad,74,92,121,4,1,80.43,Pakistan,Afghanistan,1,44
Mohammad Rizwan,c Mujeeb Ur Rahman b Noor Ahmad,8,10,8,0,1,80.0,Pakistan,Afghanistan,1,44
Saud Shakeel,c Rashid Khan b Mohammad Nabi,25,34,35,3,0,73.52,Pakistan,Afghanistan,1,44
Shadab Khan,c Mohammad Nabi b Naveen-ul-Haq,40,38,75,1,1,105.26,Pakistan,Afghanistan,1,44
Iftikhar Ahmed,c Azmatullah Omarzai b Naveen-ul-Haq,40,27,40,2,4,148.14,Pakistan,Afghanistan,1,44
Shaheen Shah Afridi,not out,3,3,4,0,0,100.0,Pakistan,Afghanistan,1,44
Rahmanullah Gurbaz,c Klaasen b Maharaj,25,22,45,3,1,113.63,Afghanistan,South Africa,1,45
Ibrahim Zadran,c de Kock b Coetzee,15,30,52,3,0,50.0,Afghanistan,South Africa,1,45
Rahmat Shah,c Miller b Ngidi,26,46,58,2,0,56.52,Afghanistan,South Africa,1,45
Hashmatullah Shahidi,c de Kock b Maharaj,2,7,5,0,0,28.57,Afghanistan,South Africa,1,45
Azmatullah Omarzai,not out,97,107,173,7,3,90.65,Afghanistan,South Africa,1,45
Ikram Alikhil,c de Kock b Coetzee,12,14,16,1,1,85.71,Afghanistan,South Africa,1,45
Mohammad Nabi,c de Kock b Ngidi,2,3,7,0,0,66.66,Afghanistan,South Africa,1,45
Rashid Khan,c de Kock b Phehlukwayo,14,30,42,0,0,46.66,Afghanistan,South Africa,1,45
Noor Ahmad,c de Kock b Coetzee,26,32,36,4,0,81.25,Afghanistan,South Africa,1,45
Mujeeb Ur Rahman,c Markram b Coetzee,8,5,7,0,1,160.0,Afghanistan,South Africa,1,45
Naveen-ul-Haq,run out (Rabada),2,4,12,0,0,50.0,Afghanistan,South Africa,1,45
Vikramjit Singh,c Shakib Al Hasan b Taskin Ahmed,3,9,7,0,0,33.33,Netherlands,Bangladesh,1,46
Max O'Dowd,c Tanzid Hasan b Shoriful Islam,0,3,11,0,0,0.0,Netherlands,Bangladesh,1,46
Wesley Barresi,c Shakib Al Hasan b Mustafizur Rahman,41,41,49,8,0,100.0,Netherlands,Bangladesh,1,46
Colin Ackermann,c Mustafizur Rahman b Shakib Al Hasan,15,33,50,1,0,45.45,Netherlands,Bangladesh,1,46
Scott Edwards,c Mehidy Hasan Miraz b Mustafizur Rahman,68,89,122,6,0,76.4,Netherlands,Bangladesh,1,46
Bas de Leede,c Mushfiqur Rahim b Taskin Ahmed,17,32,49,2,0,53.12,Netherlands,Bangladesh,1,46
Sybrand Engelbrecht,lbw b Mahedi Hasan,35,61,72,3,0,57.37,Netherlands,Bangladesh,1,46
Logan van Beek,not out,23,16,33,2,1,143.75,Netherlands,Bangladesh,1,46
Shariz Ahmad,run out (Mahmudullah/Mushfiqur Rahim),6,8,13,0,0,75.0,Netherlands,Bangladesh,1,46
Aryan Dutt,c Mehidy Hasan Miraz b Shoriful Islam,9,6,7,0,1,150.0,Netherlands,Bangladesh,1,46
Paul van Meekeren,lbw b Mahedi Hasan,0,2,6,0,0,0.0,Netherlands,Bangladesh,1,46
Dawid Malan,c Mohammad Rizwan b Iftikhar Ahmed,31,39,61,5,0,79.48,England,Pakistan,1,47
Jonny Bairstow,c Agha Salman b Haris Rauf,59,61,81,7,1,96.72,England,Pakistan,1,47
Joe Root,c Shadab Khan b Shaheen Shah Afridi,60,72,115,4,0,83.33,England,Pakistan,1,47
Ben Stokes,b Shaheen Shah Afridi,84,76,85,11,2,110.52,England,Pakistan,1,47
Jos Buttler,run out (Haris Rauf),27,18,39,3,1,150.0,England,Pakistan,1,47
Harry Brook,c Shaheen Shah Afridi b Haris Rauf,30,17,24,2,2,176.47,England,Pakistan,1,47
Moeen Ali,b Haris Rauf,8,6,10,0,1,133.33,England,Pakistan,1,47
Chris Woakes,not out,4,4,19,1,0,100.0,England,Pakistan,1,47
David Willey,c Iftikhar Ahmed b Mohammad Wasim,15,5,5,2,1,300.0,England,Pakistan,1,47
Gus Atkinson,b Mohammad Wasim,0,1,1,0,0,0.0,England,Pakistan,1,47
Adil Rashid,not out,0,1,1,0,0,0.0,England,Pakistan,1,47
Pathum Nissanka,lbw b Bumrah,0,1,2,0,0,0.0,Sri Lanka,India,2,0
Dimuth Karunaratne,lbw b Mohammed Siraj,0,1,10,0,0,0.0,Sri Lanka,India,2,0
Kusal Mendis,b Mohammed Siraj,1,10,21,0,0,10.0,Sri Lanka,India,2,0
Sadeera Samarawickrama,c Iyer b Mohammed Siraj,0,4,4,0,0,0.0,Sri Lanka,India,2,0
Charith Asalanka,c Jadeja b Mohammed Shami,1,24,42,0,0,4.16,Sri Lanka,India,2,0
Angelo Mathews,b Mohammed Shami,12,25,55,1,0,48.0,Sri Lanka,India,2,0
Dushan Hemantha,c Rahul b Mohammed Shami,0,1,1,0,0,0.0,Sri Lanka,India,2,0
Dushmantha Chameera,c Rahul b Mohammed Shami,0,6,10,0,0,0.0,Sri Lanka,India,2,0
Maheesh Theekshana,not out,12,23,37,2,0,52.17,Sri Lanka,India,2,0
Kasun Rajitha,c Shubman Gill b Mohammed Shami,14,17,20,2,0,82.35,Sri Lanka,India,2,0
Dilshan Madushanka,c Iyer b Jadeja,5,6,4,1,0,83.33,Sri Lanka,India,2,0
Vikramjit Singh,c Fakhar Zaman b Shadab Khan,52,67,97,4,1,77.61,Netherlands,Pakistan,2,1
Max O'Dowd,c Shaheen Shah Afridi b Hasan Ali,5,12,24,1,0,41.66,Netherlands,Pakistan,2,1
Colin Ackermann,b Iftikhar Ahmed,17,21,24,3,0,80.95,Netherlands,Pakistan,2,1
Bas de Leede,b Mohammad Nawaz,67,68,92,6,2,98.52,Netherlands,Pakistan,2,1
Teja Nidamanuru,c Fakhar Zaman b Haris Rauf,5,9,10,1,0,55.55,Netherlands,Pakistan,2,1
Scott Edwards,lbw b Haris Rauf,0,2,2,0,0,0.0,Netherlands,Pakistan,2,1
Saqib Zulfiqar,lbw b Shaheen Shah Afridi,10,18,24,1,0,55.55,Netherlands,Pakistan,2,1
Roelof van der Merwe,run out (Babar Azam/Mohammad Rizwan),4,7,18,0,0,57.14,Netherlands,Pakistan,2,1
Logan van Beek,not out,28,28,36,3,1,100.0,Netherlands,Pakistan,2,1
Aryan Dutt,b Hasan Ali,1,2,6,0,0,50.0,Netherlands,Pakistan,2,1
Paul van Meekeren,b Haris Rauf,7,12,17,1,0,58.33,Netherlands,Pakistan,2,1
David Warner,c Kohli b Mohammed Shami,7,3,6,1,0,233.33,Australia,India,2,2
Travis Head,c Shubman Gill b Mohammed Siraj,137,120,166,15,4,114.16,Australia,India,2,2
Mitchell Marsh,c Rahul b Bumrah,15,15,15,1,1,100.0,Australia,India,2,2
Steven Smith,lbw b Bumrah,4,9,11,1,0,44.44,Australia,India,2,2
Marnus Labuschagne,not out,58,110,133,4,0,52.72,Australia,India,2,2
Glenn Maxwell,not out,2,1,1,0,0,200.0,Australia,India,2,2
Jonny Bairstow,b Mohammed Shami,14,23,53,2,0,60.86,England,India,2,3
Dawid Malan,b Bumrah,16,17,25,2,1,94.11,England,India,2,3
Joe Root,lbw b Bumrah,0,1,2,0,0,0.0,England,India,2,3
Ben Stokes,b Mohammed Shami,0,10,14,0,0,0.0,England,India,2,3
Jos Buttler,b Kuldeep Yadav,10,23,33,1,0,43.47,England,India,2,3
Moeen Ali,c Rahul b Mohammed Shami,15,31,55,0,0,48.38,England,India,2,3
Liam Livingstone,lbw b Kuldeep Yadav,27,46,56,2,0,58.69,England,India,2,3
Chris Woakes,st Rahul b Jadeja,10,20,21,1,0,50.0,England,India,2,3
David Willey,not out,16,17,29,0,2,94.11,England,India,2,3
Adil Rashid,b Mohammed Shami,13,20,19,2,0,65.0,England,India,2,3
Mark Wood,b Bumrah,0,1,3,0,0,0.0,England,India,2,3
Pathum Nissanka,c Edwards b van Meekeren,54,52,69,9,0,103.84,Sri Lanka,Netherlands,2,4
Kusal Perera,c de Leede b Dutt,5,8,17,1,0,62.5,Sri Lanka,Netherlands,2,4
Kusal Mendis,c van Meekeren b Dutt,11,17,22,2,0,64.7,Sri Lanka,Netherlands,2,4
Sadeera Samarawickrama,not out,91,107,168,7,0,85.04,Sri Lanka,Netherlands,2,4
Charith Asalanka,b Dutt,44,66,70,2,1,66.66,Sri Lanka,Netherlands,2,4
Dhananjaya de Silva,b Ackermann,30,37,57,1,2,81.08,Sri Lanka,Netherlands,2,4
Dushan Hemantha,not out,4,3,7,1,0,133.33,Sri Lanka,Netherlands,2,4
Tanzid Hasan,c Klaasen b Jansen,12,17,30,1,0,70.58,Bangladesh,South Africa,2,5
Litton Das,lbw b Rabada,22,44,78,3,1,50.0,Bangladesh,South Africa,2,5
Najmul Hossain Shanto,c Klaasen b Jansen,0,1,1,0,0,0.0,Bangladesh,South Africa,2,5
Shakib Al Hasan,c Klaasen b Williams,1,4,4,0,0,25.0,Bangladesh,South Africa,2,5
Mushfiqur Rahim,c sub (AL Phehlukwayo) b Coetzee,8,17,24,1,0,47.05,Bangladesh,South Africa,2,5
Mahmudullah,c Jansen b Coetzee,111,111,150,11,4,100.0,Bangladesh,South Africa,2,5
Mehidy Hasan Miraz,c sub (AL Phehlukwayo) b Maharaj,11,19,26,1,0,57.89,Bangladesh,South Africa,2,5
Nasum Ahmed,c & b Coetzee,19,19,27,3,0,100.0,Bangladesh,South Africa,2,5
Hasan Mahmud,c Coetzee b Rabada,15,25,32,2,0,60.0,Bangladesh,South Africa,2,5
Mustafizur Rahman,c Miller b Williams,11,21,51,2,0,52.38,Bangladesh,South Africa,2,5
Shoriful Islam,not out,6,4,4,1,0,150.0,Bangladesh,South Africa,2,5
Devon Conway,lbw b Shakib Al Hasan,45,59,91,3,0,76.27,New Zealand,Bangladesh,2,6
Rachin Ravindra,c Mushfiqur Rahim b Mustafizur Rahman,9,13,12,2,0,69.23,New Zealand,Bangladesh,2,6
Kane Williamson,retired hurt,78,107,158,8,1,72.89,New Zealand,Bangladesh,2,6
Daryl Mitchell,not out,89,67,103,6,4,132.83,New Zealand,Bangladesh,2,6
Glenn Phillips,not out,16,11,22,1,1,145.45,New Zealand,Bangladesh,2,6
Rohit Sharma,c Iftikhar Ahmed b Shaheen Shah Afridi,86,63,91,6,6,136.5,India,Pakistan,2,7
Shubman Gill,c Shadab Khan b Shaheen Shah Afridi,16,11,11,4,0,145.45,India,Pakistan,2,7
Virat Kohli,c Mohammad Nawaz b Hasan Ali,16,18,31,3,0,88.88,India,Pakistan,2,7
Shreyas Iyer,not out,53,62,80,3,2,85.48,India,Pakistan,2,7
KL Rahul,not out,19,29,33,2,0,65.51,India,Pakistan,2,7
Devon Conway,c de Silva b Chameera,45,42,54,9,0,107.14,New Zealand,Sri Lanka,2,8
Rachin Ravindra,c de Silva b Theekshana,42,34,61,3,3,123.52,New Zealand,Sri Lanka,2,8
Kane Williamson,b Mathews,14,15,26,2,0,93.33,New Zealand,Sri Lanka,2,8
Daryl Mitchell,c Asalanka b Mathews,43,31,45,5,2,138.7,New Zealand,Sri Lanka,2,8
Mark Chapman,run out (Samarawickrama/Mathews),7,6,13,1,0,116.66,New Zealand,Sri Lanka,2,8
Glenn Phillips,not out,17,10,15,3,0,170.0,New Zealand,Sri Lanka,2,8
Tom Latham,not out,2,2,3,0,0,100.0,New Zealand,Sri Lanka,2,8
Devon Conway,c Rahul b Mohammed Shami,13,15,26,3,0,86.66,New Zealand,India,2,9
Rachin Ravindra,c Rahul b Mohammed Shami,13,22,39,3,0,59.09,New Zealand,India,2,9
Kane Williamson,c Yadav b Mohammed Shami,69,73,116,8,1,94.52,New Zealand,India,2,9
Daryl Mitchell,c Jadeja b Mohammed Shami,134,119,180,9,7,112.6,New Zealand,India,2,9
Tom Latham,lbw b Mohammed Shami,0,2,1,0,0,0.0,New Zealand,India,2,9
Glenn Phillips,c Jadeja b Bumrah,41,33,58,4,2,124.24,New Zealand,India,2,9
Mark Chapman,c Jadeja b Kuldeep Yadav,2,5,5,0,0,40.0,New Zealand,India,2,9
Mitchell Santner,c Sharma b Mohammed Siraj,9,10,20,0,0,90.0,New Zealand,India,2,9
Tim Southee,c Rahul b Mohammed Shami,9,10,14,1,0,90.0,New Zealand,India,2,9
Trent Boult,not out,2,2,5,0,0,100.0,New Zealand,India,2,9
Lockie Ferguson,c Rahul b Mohammed Shami,6,3,2,0,1,200.0,New Zealand,India,2,9
Rahmanullah Gurbaz,c Edwards b van Beek,10,11,24,2,0,90.9,Afghanistan,Netherlands,2,10
Ibrahim Zadran,b van der Merwe,20,34,44,2,0,58.82,Afghanistan,Netherlands,2,10
Rahmat Shah,c & b Saqib Zulfiqar,52,54,74,8,0,96.29,Afghanistan,Netherlands,2,10
Hashmatullah Shahidi,not out,56,64,92,6,0,87.5,Afghanistan,Netherlands,2,10
Azmatullah Omarzai,not out,31,28,38,3,0,110.71,Afghanistan,Netherlands,2,10
Tanzid Hasan,c Nissanka b Madushanka,9,5,11,2,0,180.0,Bangladesh,Sri Lanka,2,11
Litton Das,lbw b Madushanka,23,22,36,2,2,104.54,Bangladesh,Sri Lanka,2,11
Najmul Hossain Shanto,b Mathews,90,101,163,12,0,89.1,Bangladesh,Sri Lanka,2,11
Shakib Al Hasan,c Asalanka b Mathews,82,65,128,12,2,126.15,Bangladesh,Sri Lanka,2,11
Mahmudullah,b Theekshana,22,23,37,3,1,95.65,Bangladesh,Sri Lanka,2,11
Mushfiqur Rahim,b Madushanka,10,13,21,1,0,76.92,Bangladesh,Sri Lanka,2,11
Towhid Hridoy,not out,15,7,22,0,2,214.28,Bangladesh,Sri Lanka,2,11
Mehidy Hasan Miraz,c Asalanka b Theekshana,3,5,9,0,0,60.0,Bangladesh,Sri Lanka,2,11
Tanzim Hasan Sakib,not out,5,6,6,1,0,83.33,Bangladesh,Sri Lanka,2,11
Rohit Sharma,b Ferguson,46,40,44,4,4,115.0,India,New Zealand,2,12
Shubman Gill,c Mitchell b Ferguson,26,31,53,5,0,83.87,India,New Zealand,2,12
Virat Kohli,c Phillips b Henry,95,104,154,8,2,91.34,India,New Zealand,2,12
Shreyas Iyer,c Conway b Boult,33,29,32,6,0,113.79,India,New Zealand,2,12
KL Rahul,lbw b Santner,27,35,43,3,0,77.14,India,New Zealand,2,12
Suryakumar Yadav,run out (Santner/Boult/Latham),2,4,8,0,0,50.0,India,New Zealand,2,12
Ravindra Jadeja,not out,39,44,63,3,1,88.63,India,New Zealand,2,12
Mohammed Shami,not out,1,1,2,0,0,100.0,India,New Zealand,2,12
Devon Conway,c Starc b Hazlewood,28,17,35,6,0,164.7,New Zealand,Australia,2,13
Will Young,c Starc b Hazlewood,32,37,44,4,1,86.48,New Zealand,Australia,2,13
Rachin Ravindra,c Labuschagne b Cummins,116,89,137,9,5,130.33,New Zealand,Australia,2,13
Daryl Mitchell,c Starc b Zampa,54,51,59,6,1,105.88,New Zealand,Australia,2,13
Tom Latham,c Hazlewood b Zampa,21,22,29,2,0,95.45,New Zealand,Australia,2,13
Glenn Phillips,c Labuschagne b Maxwell,12,16,21,1,0,75.0,New Zealand,Australia,2,13
James Neesham,run out (Labuschagne/Inglis),58,39,64,3,3,148.71,New Zealand,Australia,2,13
Mitchell Santner,c Maxwell b Zampa,17,12,13,1,1,141.66,New Zealand,Australia,2,13
Matt Henry,c Hazlewood b Cummins,9,8,14,1,0,112.5,New Zealand,Australia,2,13
Trent Boult,not out,10,8,21,0,1,125.0,New Zealand,Australia,2,13
Lockie Ferguson,not out,0,1,1,0,0,0.0,New Zealand,Australia,2,13
Temba Bavuma,b van der Merwe,16,31,35,2,1,51.61,South Africa,Netherlands,2,14
Quinton de Kock,c Edwards b Ackermann,20,22,28,3,0,90.9,South Africa,Netherlands,2,14
Rassie van der Dussen,c Dutt b van der Merwe,4,7,16,0,0,57.14,South Africa,Netherlands,2,14
Aiden Markram,b van Meekeren,1,3,4,0,0,33.33,South Africa,Netherlands,2,14
Heinrich Klaasen,c Vikramjit Singh b van Beek,28,28,36,4,0,100.0,South Africa,Netherlands,2,14
David Miller,b van Beek,43,52,81,4,1,82.69,South Africa,Netherlands,2,14
Marco Jansen,b van Meekeren,9,25,22,0,0,36.0,South Africa,Netherlands,2,14
Gerald Coetzee,c Edwards b de Leede,22,23,33,2,1,95.65,South Africa,Netherlands,2,14
Keshav Maharaj,c Edwards b van Beek,40,37,54,5,1,108.1,South Africa,Netherlands,2,14
Kagiso Rabada,c Engelbrecht b de Leede,9,6,9,0,1,150.0,South Africa,Netherlands,2,14
Lungi Ngidi,not out,7,24,35,0,0,29.16,South Africa,Netherlands,2,14
Jonny Bairstow,c van der Dussen b Ngidi,10,12,13,1,1,83.33,England,South Africa,2,15
Dawid Malan,c de Kock b Jansen,6,11,30,1,0,54.54,England,South Africa,2,15
Joe Root,c Miller b Jansen,2,6,9,0,0,33.33,England,South Africa,2,15
Ben Stokes,c & b Rabada,5,8,20,1,0,62.5,England,South Africa,2,15
Harry Brook,lbw b Coetzee,17,25,33,2,1,68.0,England,South Africa,2,15
Jos Buttler,c de Kock b Coetzee,15,7,14,2,1,214.28,England,South Africa,2,15
David Willey,c Rabada b Ngidi,12,12,24,1,1,100.0,England,South Africa,2,15
Adil Rashid,c Hendricks b Coetzee,10,14,14,1,0,71.42,England,South Africa,2,15
Gus Atkinson,b Maharaj,35,21,31,7,0,166.66,England,South Africa,2,15
Mark Wood,not out,43,17,25,2,5,252.94,England,South Africa,2,15
Travis Head,b Maharaj,62,48,62,9,2,129.16,Australia,South Africa,2,16
David Warner,b Markram,29,18,29,1,4,161.11,Australia,South Africa,2,16
Mitchell Marsh,c van der Dussen b Rabada,0,6,5,0,0,0.0,Australia,South Africa,2,16
Steven Smith,c de Kock b Coetzee,30,62,102,2,0,48.38,Australia,South Africa,2,16
Marnus Labuschagne,lbw b Shamsi,18,31,28,2,0,58.06,Australia,South Africa,2,16
Glenn Maxwell,b Shamsi,1,5,8,0,0,20.0,Australia,South Africa,2,16
Josh Inglis,b Coetzee,28,49,66,3,0,57.14,Australia,South Africa,2,16
Mitchell Starc,not out,16,38,61,2,0,42.1,Australia,South Africa,2,16
Pat Cummins,not out,14,29,32,2,0,48.27,Australia,South Africa,2,16
Devon Conway,not out,152,121,147,19,3,125.61,New Zealand,England,2,17
Will Young,c Buttler b Curran,0,1,5,0,0,0.0,New Zealand,England,2,17
Rachin Ravindra,not out,123,96,141,11,5,128.12,New Zealand,England,2,17
Mitchell Marsh,run out (Karunaratne/Mendis),52,51,67,9,0,101.96,Australia,Sri Lanka,2,18
David Warner,lbw b Madushanka,11,6,16,0,1,183.33,Australia,Sri Lanka,2,18
Steven Smith,lbw b Madushanka,0,5,4,0,0,0.0,Australia,Sri Lanka,2,18
Marnus Labuschagne,c Karunaratne b Madushanka,40,60,100,2,0,66.66,Australia,Sri Lanka,2,18
Josh Inglis,c Theekshana b Wellalage,58,59,75,5,1,98.3,Australia,Sri Lanka,2,18
Glenn Maxwell,not out,31,21,30,4,2,147.61,Australia,Sri Lanka,2,18
Marcus Stoinis,not out,20,10,10,2,1,200.0,Australia,Sri Lanka,2,18
Tanzid Hasan,run out (Najibullah Zadran),5,13,19,1,0,38.46,Bangladesh,Afghanistan,2,19
Litton Das,b Fazalhaq Farooqi,13,18,29,2,0,72.22,Bangladesh,Afghanistan,2,19
Mehidy Hasan Miraz,c Rahmat Shah b Naveen-ul-Haq,57,73,89,5,0,78.08,Bangladesh,Afghanistan,2,19
Najmul Hossain Shanto,not out,59,83,112,3,1,71.08,Bangladesh,Afghanistan,2,19
Shakib Al Hasan,c Fazalhaq Farooqi b Azmatullah Omarzai,14,19,24,2,0,73.68,Bangladesh,Afghanistan,2,19
Mushfiqur Rahim,not out,2,3,6,0,0,66.66,Bangladesh,Afghanistan,2,19
Rohit Sharma,lbw b Hazlewood,0,6,10,0,0,0.0,India,Australia,2,20
Ishan Kishan,c Green b Starc,0,1,3,0,0,0.0,India,Australia,2,20
Virat Kohli,c Labuschagne b Hazlewood,85,116,171,6,0,73.27,India,Australia,2,20
Shreyas Iyer,c Warner b Hazlewood,0,3,2,0,0,0.0,India,Australia,2,20
KL Rahul,not out,97,115,180,8,2,84.34,India,Australia,2,20
Hardik Pandya,not out,11,8,17,0,1,137.5,India,Australia,2,20
Jonny Bairstow,c Inglis b Starc,0,1,1,0,0,0.0,England,Australia,2,21
Dawid Malan,c Head b Cummins,50,64,99,4,1,78.12,England,Australia,2,21
Joe Root,c Inglis b Starc,13,17,23,2,0,76.47,England,Australia,2,21
Ben Stokes,c Stoinis b Zampa,64,90,128,2,3,71.11,England,Australia,2,21
Jos Buttler,c Green b Zampa,1,7,10,0,0,14.28,England,Australia,2,21
Moeen Ali,c Warner b Zampa,42,43,61,6,0,97.67,England,Australia,2,21
Liam Livingstone,c sub (SA Abbott) b Cummins,2,5,6,0,0,40.0,England,Australia,2,21
Chris Woakes,c Labuschagne b Stoinis,32,33,52,4,1,96.96,England,Australia,2,21
David Willey,c Zampa b Hazlewood,15,14,19,3,0,107.14,England,Australia,2,21
Adil Rashid,c Inglis b Hazlewood,20,15,23,1,1,133.33,England,Australia,2,21
Mark Wood,not out,0,0,1,0,0,0.0,England,Australia,2,21
Travis Head,b Taskin Ahmed,10,11,11,2,0,90.9,Australia,Bangladesh,2,22
David Warner,c Najmul Hossain Shanto b Mustafizur Rahman,53,61,90,6,0,86.88,Australia,Bangladesh,2,22
Mitchell Marsh,not out,177,132,177,17,9,134.09,Australia,Bangladesh,2,22
Steven Smith,not out,63,64,99,4,1,98.43,Australia,Bangladesh,2,22
Litton Das,c Buttler b Woakes,76,66,99,7,2,115.15,Bangladesh,England,2,23
Tanzid Hasan,c Bairstow b Topley,1,2,7,0,0,50.0,Bangladesh,England,2,23
Najmul Hossain Shanto,c Livingstone b Topley,0,1,1,0,0,0.0,Bangladesh,England,2,23
Shakib Al Hasan,b Topley,1,9,16,0,0,11.11,Bangladesh,England,2,23
Mehidy Hasan Miraz,c Buttler b Woakes,8,7,12,1,0,114.28,Bangladesh,England,2,23
Mushfiqur Rahim,c Rashid b Topley,51,64,93,4,0,79.68,Bangladesh,England,2,23
Towhid Hridoy,c Buttler b Livingstone,39,61,70,2,0,63.93,Bangladesh,England,2,23
Mahedi Hasan,b Rashid,14,32,39,1,0,43.75,Bangladesh,England,2,23
Taskin Ahmed,b Curran,15,25,35,0,1,60.0,Bangladesh,England,2,23
Shoriful Islam,b Wood,12,14,17,2,0,85.71,Bangladesh,England,2,23
Mustafizur Rahman,not out,3,9,12,0,0,33.33,Bangladesh,England,2,23
Jonny Bairstow,lbw b Fazalhaq Farooqi,2,4,5,0,0,50.0,England,Afghanistan,2,24
Dawid Malan,c Ibrahim Zadran b Mohammad Nabi,32,39,61,4,0,82.05,England,Afghanistan,2,24
Joe Root,b Mujeeb Ur Rahman,11,17,23,2,0,64.7,England,Afghanistan,2,24
Harry Brook,c Ikram Alikhil b Mujeeb Ur Rahman,66,61,123,7,1,108.19,England,Afghanistan,2,24
Jos Buttler,b Naveen-ul-Haq,9,18,21,1,0,50.0,England,Afghanistan,2,24
Liam Livingstone,lbw b Rashid Khan,10,14,15,1,0,71.42,England,Afghanistan,2,24
Sam Curran,c Rahmat Shah b Mohammad Nabi,10,23,22,0,0,43.47,England,Afghanistan,2,24
Chris Woakes,b Mujeeb Ur Rahman,9,26,21,1,0,34.61,England,Afghanistan,2,24
Adil Rashid,c Mohammad Nabi b Rashid Khan,20,13,24,2,0,153.84,England,Afghanistan,2,24
Mark Wood,b Rashid Khan,18,22,26,3,0,81.81,England,Afghanistan,2,24
Reece Topley,not out,15,7,8,3,0,214.28,England,Afghanistan,2,24
Pathum Nissanka,not out,77,83,110,7,2,92.77,Sri Lanka,England,2,25
Kusal Perera,c Stokes b Willey,4,5,8,1,0,80.0,Sri Lanka,England,2,25
Kusal Mendis,c Buttler b Willey,11,12,15,2,0,91.66,Sri Lanka,England,2,25
Sadeera Samarawickrama,not out,65,54,84,7,1,120.37,Sri Lanka,England,2,25
Vikramjit Singh,b Henry,12,20,22,1,0,60.0,Netherlands,New Zealand,2,26
Max O'Dowd,lbw b Santner,16,31,40,2,0,51.61,Netherlands,New Zealand,2,26
Colin Ackermann,c Henry b Santner,69,73,98,5,0,94.52,Netherlands,New Zealand,2,26
Bas de Leede,c Boult b Ravindra,18,25,21,3,0,72.0,Netherlands,New Zealand,2,26
Teja Nidamanuru,run out (Ferguson/Latham),21,26,28,2,1,80.76,Netherlands,New Zealand,2,26
Scott Edwards,c & b Santner,30,27,37,2,1,111.11,Netherlands,New Zealand,2,26
Sybrand Engelbrecht,c Conway b Henry,29,34,55,3,0,85.29,Netherlands,New Zealand,2,26
Roelof van der Merwe,c Henry b Santner,1,6,9,0,0,16.66,Netherlands,New Zealand,2,26
Ryan Klein,lbw b Santner,8,15,23,0,0,53.33,Netherlands,New Zealand,2,26
Aryan Dutt,b Henry,11,20,19,0,1,55.0,Netherlands,New Zealand,2,26
Paul van Meekeren,not out,4,3,5,1,0,133.33,Netherlands,New Zealand,2,26
David Warner,b Azmatullah Omarzai,18,29,46,3,0,62.06,Australia,Afghanistan,2,27
Travis Head,c Ikram Alikhil b Naveen-ul-Haq,0,2,5,0,0,0.0,Australia,Afghanistan,2,27
Mitchell Marsh,lbw b Naveen-ul-Haq,24,11,22,2,2,218.18,Australia,Afghanistan,2,27
Marnus Labuschagne,run out (Rahmat Shah),14,28,53,2,0,50.0,Australia,Afghanistan,2,27
Josh Inglis,c Ibrahim Zadran b Azmatullah Omarzai,0,1,1,0,0,0.0,Australia,Afghanistan,2,27
Glenn Maxwell,not out,201,128,181,21,10,157.03,Australia,Afghanistan,2,27
Marcus Stoinis,lbw b Rashid Khan,6,7,13,1,0,85.71,Australia,Afghanistan,2,27
Mitchell Starc,c Ikram Alikhil b Rashid Khan,3,7,8,0,0,42.85,Australia,Afghanistan,2,27
Pat Cummins,not out,12,68,122,1,0,17.64,Australia,Afghanistan,2,27
Temba Bavuma,c Saud Shakeel b Mohammad Wasim,28,27,49,4,1,103.7,South Africa,Pakistan,2,28
Quinton de Kock,c Mohammad Wasim b Shaheen Shah Afridi,24,14,19,5,0,171.42,South Africa,Pakistan,2,28
Rassie van der Dussen,lbw b Usama Mir,21,39,71,0,0,53.84,South Africa,Pakistan,2,28
Aiden Markram,c Babar Azam b Usama Mir,91,93,151,7,3,97.84,South Africa,Pakistan,2,28
Heinrich Klaasen,c Usama Mir b Mohammad Wasim,12,10,12,0,1,120.0,South Africa,Pakistan,2,28
David Miller,c Mohammad Rizwan b Shaheen Shah Afridi,29,33,55,2,2,87.87,South Africa,Pakistan,2,28
Marco Jansen,c Babar Azam b Haris Rauf,20,14,18,2,1,142.85,South Africa,Pakistan,2,28
Gerald Coetzee,c Mohammad Rizwan b Shaheen Shah Afridi,10,13,23,0,0,76.92,South Africa,Pakistan,2,28
Keshav Maharaj,not out,7,21,44,1,0,33.33,South Africa,Pakistan,2,28
Lungi Ngidi,c & b Haris Rauf,4,14,24,0,0,28.57,South Africa,Pakistan,2,28
Tabraiz Shamsi,not out,4,6,14,0,0,66.66,South Africa,Pakistan,2,28
Devon Conway,c Markram b Jansen,2,6,13,0,0,33.33,New Zealand,South Africa,2,29
Will Young,c de Kock b Coetzee,33,37,50,5,0,89.18,New Zealand,South Africa,2,29
Rachin Ravindra,c Coetzee b Jansen,9,16,28,1,0,56.25,New Zealand,South Africa,2,29
Daryl Mitchell,c Miller b Maharaj,24,30,40,4,0,80.0,New Zealand,South Africa,2,29
Tom Latham,c Maharaj b Rabada,4,15,18,0,0,26.66,New Zealand,South Africa,2,29
Glenn Phillips,c Rabada b Coetzee,60,50,87,4,4,120.0,New Zealand,South Africa,2,29
Mitchell Santner,b Maharaj,7,18,14,1,0,38.88,New Zealand,South Africa,2,29
Tim Southee,lbw b Jansen,7,11,11,1,0,63.63,New Zealand,South Africa,2,29
James Neesham,b Maharaj,0,8,6,0,0,0.0,New Zealand,South Africa,2,29
Trent Boult,c Miller b Maharaj,9,14,17,1,0,64.28,New Zealand,South Africa,2,29
Matt Henry,not out,0,9,20,0,0,0.0,New Zealand,South Africa,2,29
Pathum Nissanka,b Jansen,0,3,6,0,0,0.0,Sri Lanka,South Africa,2,30
Kusal Perera,b Jansen,7,15,42,1,0,46.66,Sri Lanka,South Africa,2,30
Kusal Mendis,c Klaasen b Rabada,76,42,55,4,8,180.95,Sri Lanka,South Africa,2,30
Sadeera Samarawickrama,c Jansen b Coetzee,23,19,22,3,1,121.05,Sri Lanka,South Africa,2,30
Charith Asalanka,c sub (RR Hendricks) b Ngidi,79,65,83,8,4,121.53,Sri Lanka,South Africa,2,30
Dhananjaya de Silva,c sub (AL Phehlukwayo) b Maharaj,11,14,28,1,0,78.57,Sri Lanka,South Africa,2,30
Dasun Shanaka,b Maharaj,68,62,86,6,3,109.67,Sri Lanka,South Africa,2,30
Dunith Wellalage,c Klaasen b Coetzee,0,1,2,0,0,0.0,Sri Lanka,South Africa,2,30
Kasun Rajitha,c Markram b Coetzee,33,31,52,4,1,106.45,Sri Lanka,South Africa,2,30
Matheesha Pathirana,b Rabada,5,16,25,1,0,31.25,Sri Lanka,South Africa,2,30
Dilshan Madushanka,not out,4,2,4,1,0,200.0,Sri Lanka,South Africa,2,30
Vikramjit Singh,run out (Maxwell),25,25,28,6,0,100.0,Netherlands,Australia,2,31
Max O'Dowd,b Starc,6,9,21,1,0,66.66,Netherlands,Australia,2,31
Colin Ackermann,lbw b Hazlewood,10,11,21,2,0,90.9,Netherlands,Australia,2,31
Sybrand Engelbrecht,c Warner b Marsh,11,21,36,1,0,52.38,Netherlands,Australia,2,31
Bas de Leede,lbw b Cummins,4,7,7,1,0,57.14,Netherlands,Australia,2,31
Scott Edwards,not out,12,22,53,0,0,54.54,Netherlands,Australia,2,31
Teja Nidamanuru,c Inglis b Marsh,14,18,19,2,0,77.77,Netherlands,Australia,2,31
Logan van Beek,c Inglis b Zampa,0,3,3,0,0,0.0,Netherlands,Australia,2,31
Roelof van der Merwe,lbw b Zampa,0,1,1,0,0,0.0,Netherlands,Australia,2,31
Aryan Dutt,lbw b Zampa,1,8,9,0,0,12.5,Netherlands,Australia,2,31
Paul van Meekeren,st Inglis b Zampa,0,1,2,0,0,0.0,Netherlands,Australia,2,31
Rohit Sharma,c Towhid Hridoy b Hasan Mahmud,48,40,51,7,2,120.0,India,Bangladesh,2,32
Shubman Gill,c Mahmudullah b Mehidy Hasan Miraz,53,55,80,5,2,96.36,India,Bangladesh,2,32
Virat Kohli,not out,103,97,113,6,4,106.18,India,Bangladesh,2,32
Shreyas Iyer,c Mahmudullah b Mehidy Hasan Miraz,19,25,38,2,0,76.0,India,Bangladesh,2,32
KL Rahul,not out,34,34,44,3,1,100.0,India,Bangladesh,2,32
Mitchell Marsh,c Bavuma b Jansen,7,15,27,0,0,46.66,Australia,South Africa,2,33
David Warner,c van der Dussen b Ngidi,13,27,33,2,0,48.14,Australia,South Africa,2,33
Steven Smith,lbw b Rabada,19,16,20,4,0,118.75,Australia,South Africa,2,33
Marnus Labuschagne,c Bavuma b Maharaj,46,74,125,3,0,62.16,Australia,South Africa,2,33
Josh Inglis,b Rabada,5,4,5,1,0,125.0,Australia,South Africa,2,33
Glenn Maxwell,c & b Maharaj,3,17,17,0,0,17.64,Australia,South Africa,2,33
Marcus Stoinis,c de Kock b Rabada,5,4,6,1,0,125.0,Australia,South Africa,2,33
Mitchell Starc,c de Kock b Jansen,27,51,69,3,0,52.94,Australia,South Africa,2,33
Pat Cummins,c Miller b Shamsi,22,21,29,4,0,104.76,Australia,South Africa,2,33
Adam Zampa,not out,11,16,25,1,0,68.75,Australia,South Africa,2,33
Josh Hazlewood,c Rabada b Shamsi,2,2,1,0,0,100.0,Australia,South Africa,2,33
Rahmanullah Gurbaz,b Henry,11,21,24,0,1,52.38,Afghanistan,New Zealand,2,34
Ibrahim Zadran,c Santner b Boult,14,15,27,2,0,93.33,Afghanistan,New Zealand,2,34
Rahmat Shah,c & b Ravindra,36,62,86,1,0,58.06,Afghanistan,New Zealand,2,34
Hashmatullah Shahidi,c Santner b Ferguson,8,29,30,1,0,27.58,Afghanistan,New Zealand,2,34
Azmatullah Omarzai,c Latham b Boult,27,32,39,2,0,84.37,Afghanistan,New Zealand,2,34
Ikram Alikhil,not out,19,21,42,3,0,90.47,Afghanistan,New Zealand,2,34
Mohammad Nabi,b Santner,7,9,10,1,0,77.77,Afghanistan,New Zealand,2,34
Rashid Khan,c Mitchell b Ferguson,8,13,10,0,1,61.53,Afghanistan,New Zealand,2,34
Mujeeb Ur Rahman,c Young b Ferguson,4,3,2,1,0,133.33,Afghanistan,New Zealand,2,34
Naveen-ul-Haq,c Chapman b Santner,0,1,1,0,0,0.0,Afghanistan,New Zealand,2,34
Fazalhaq Farooqi,c Mitchell b Santner,0,2,1,0,0,0.0,Afghanistan,New Zealand,2,34
Rahmanullah Gurbaz,b Madushanka,0,4,2,0,0,0.0,Afghanistan,Sri Lanka,2,35
Ibrahim Zadran,c Karunaratne b Madushanka,39,57,73,4,1,68.42,Afghanistan,Sri Lanka,2,35
Rahmat Shah,c Karunaratne b Rajitha,62,74,121,7,0,83.78,Afghanistan,Sri Lanka,2,35
Hashmatullah Shahidi,not out,58,74,132,2,1,78.37,Afghanistan,Sri Lanka,2,35
Azmatullah Omarzai,not out,73,63,80,6,3,115.87,Afghanistan,Sri Lanka,2,35
Quinton de Kock,b Mohammed Siraj,5,10,9,1,0,50.0,South Africa,India,2,36
Temba Bavuma,b Jadeja,11,19,39,1,0,57.89,South Africa,India,2,36
Rassie van der Dussen,lbw b Mohammed Shami,13,32,55,1,0,40.62,South Africa,India,2,36
Aiden Markram,c Rahul b Mohammed Shami,9,6,6,2,0,150.0,South Africa,India,2,36
Heinrich Klaasen,lbw b Jadeja,1,11,12,0,0,9.09,South Africa,India,2,36
David Miller,b Jadeja,11,11,17,2,0,100.0,South Africa,India,2,36
Marco Jansen,c Jadeja b Kuldeep Yadav,14,30,45,1,0,46.66,South Africa,India,2,36
Keshav Maharaj,b Jadeja,7,11,7,1,0,63.63,South Africa,India,2,36
Kagiso Rabada,c & b Jadeja,6,26,26,0,0,23.07,South Africa,India,2,36
Lungi Ngidi,b Kuldeep Yadav,0,3,7,0,0,0.0,South Africa,India,2,36
Tabraiz Shamsi,not out,4,4,3,1,0,100.0,South Africa,India,2,36
Abdullah Shafique,c Maxwell b Stoinis,64,61,93,7,2,104.91,Pakistan,Australia,2,37
Imam-ul-Haq,c Starc b Stoinis,70,71,107,10,0,98.59,Pakistan,Australia,2,37
Babar Azam,c Cummins b Zampa,18,14,27,3,0,128.57,Pakistan,Australia,2,37
Mohammad Rizwan,lbw b Zampa,46,40,84,5,0,115.0,Pakistan,Australia,2,37
Saud Shakeel,c Stoinis b Cummins,30,31,37,5,0,96.77,Pakistan,Australia,2,37
Iftikhar Ahmed,lbw b Zampa,26,20,22,0,3,130.0,Pakistan,Australia,2,37
Mohammad Nawaz,st Inglis b Zampa,14,16,19,0,1,87.5,Pakistan,Australia,2,37
Usama Mir,c Starc b Hazlewood,0,3,4,0,0,0.0,Pakistan,Australia,2,37
Shaheen Shah Afridi,c Labuschagne b Cummins,10,8,17,2,0,125.0,Pakistan,Australia,2,37
Hasan Ali,c Inglis b Starc,8,8,7,2,0,100.0,Pakistan,Australia,2,37
Haris Rauf,not out,0,1,3,0,0,0.0,Pakistan,Australia,2,37
Wesley Barresi,run out (Woakes/Ali),37,62,77,3,1,59.67,Netherlands,England,2,38
Max O'Dowd,c Ali b Woakes,5,11,20,1,0,45.45,Netherlands,England,2,38
Colin Ackermann,c Buttler b Willey,0,2,4,0,0,0.0,Netherlands,England,2,38
Sybrand Engelbrecht,c Woakes b Willey,33,49,73,3,1,67.34,Netherlands,England,2,38
Scott Edwards,c Malan b Ali,38,42,67,3,1,90.47,Netherlands,England,2,38
Bas de Leede,b Rashid,10,12,11,2,0,83.33,Netherlands,England,2,38
Teja Nidamanuru,not out,41,34,47,2,3,120.58,Netherlands,England,2,38
Logan van Beek,c Malan b Rashid,2,2,3,0,0,100.0,Netherlands,England,2,38
Roelof van der Merwe,c Rashid b Ali,0,4,3,0,0,0.0,Netherlands,England,2,38
Aryan Dutt,b Rashid,1,3,4,0,0,33.33,Netherlands,England,2,38
Paul van Meekeren,st Buttler b Ali,4,3,3,1,0,133.33,Netherlands,England,2,38
Abdullah Shafique,lbw b Mehidy Hasan Miraz,68,69,94,9,2,98.55,Pakistan,Bangladesh,2,39
Fakhar Zaman,c Towhid Hridoy b Mehidy Hasan Miraz,81,74,126,3,7,109.45,Pakistan,Bangladesh,2,39
Babar Azam,c Mahmudullah b Mehidy Hasan Miraz,9,16,20,1,0,56.25,Pakistan,Bangladesh,2,39
Mohammad Rizwan,not out,26,21,27,4,0,123.8,Pakistan,Bangladesh,2,39
Iftikhar Ahmed,not out,17,15,17,2,0,113.33,Pakistan,Bangladesh,2,39
Abdullah Shafique,c sub (MADI Hemantha) b Pathirana,113,103,150,10,3,109.7,Pakistan,Sri Lanka,2,40
Imam-ul-Haq,c Perera b Madushanka,12,12,15,1,0,100.0,Pakistan,Sri Lanka,2,40
Babar Azam,c Samarawickrama b Madushanka,10,15,17,1,0,66.66,Pakistan,Sri Lanka,2,40
Mohammad Rizwan,not out,131,121,193,8,3,108.26,Pakistan,Sri Lanka,2,40
Saud Shakeel,c Wellalage b Theekshana,31,30,57,2,0,103.33,Pakistan,Sri Lanka,2,40
Iftikhar Ahmed,not out,22,10,18,4,0,220.0,Pakistan,Sri Lanka,2,40
Wesley Barresi,c Rahul b Mohammed Siraj,4,5,8,0,0,80.0,Netherlands,India,2,41
Max O'Dowd,b Jadeja,30,42,68,3,1,71.42,Netherlands,India,2,41
Colin Ackermann,lbw b Kuldeep Yadav,35,32,46,6,0,109.37,Netherlands,India,2,41
Sybrand Engelbrecht,b Mohammed Siraj,45,80,87,4,0,56.25,Netherlands,India,2,41
Scott Edwards,c Rahul b Kohli,17,30,27,1,0,56.66,Netherlands,India,2,41
Bas de Leede,b Bumrah,12,21,23,1,0,57.14,Netherlands,India,2,41
Teja Nidamanuru,c Mohammed Shami b Sharma,54,39,65,1,6,138.46,Netherlands,India,2,41
Logan van Beek,b Kuldeep Yadav,16,15,20,2,0,106.66,Netherlands,India,2,41
Roelof van der Merwe,c Mohammed Shami b Jadeja,16,8,5,1,2,200.0,Netherlands,India,2,41
Aryan Dutt,b Bumrah,5,11,9,0,0,45.45,Netherlands,India,2,41
Paul van Meekeren,not out,3,4,7,0,0,75.0,Netherlands,India,2,41
Abdullah Shafique,c Williamson b Southee,4,9,8,1,0,44.44,Pakistan,New Zealand,2,42
Fakhar Zaman,not out,126,81,103,8,11,155.55,Pakistan,New Zealand,2,42
Babar Azam,not out,66,63,93,6,2,104.76,Pakistan,New Zealand,2,42
Rohit Sharma,b Rashid Khan,131,84,111,16,5,155.95,India,Afghanistan,2,43
Ishan Kishan,c Ibrahim Zadran b Rashid Khan,47,47,78,5,2,100.0,India,Afghanistan,2,43
Virat Kohli,not out,55,56,64,6,0,98.21,India,Afghanistan,2,43
Shreyas Iyer,not out,25,23,31,1,1,108.69,India,Afghanistan,2,43
Rahmanullah Gurbaz,c Usama Mir b Shaheen Shah Afridi,65,53,91,9,1,122.64,Afghanistan,Pakistan,2,44
Ibrahim Zadran,c Mohammad Rizwan b Hasan Ali,87,113,146,10,0,76.99,Afghanistan,Pakistan,2,44
Rahmat Shah,not out,77,84,129,5,2,91.66,Afghanistan,Pakistan,2,44
Hashmatullah Shahidi,not out,48,45,74,4,0,106.66,Afghanistan,Pakistan,2,44
Quinton de Kock,lbw b Mohammad Nabi,41,47,58,2,3,87.23,South Africa,Afghanistan,2,45
Temba Bavuma,c Rahmanullah Gurbaz b Mujeeb Ur Rahman,23,28,49,3,0,82.14,South Africa,Afghanistan,2,45
Rassie van der Dussen,not out,76,95,141,6,1,80.0,South Africa,Afghanistan,2,45
Aiden Markram,c Naveen-ul-Haq b Rashid Khan,25,32,32,1,1,78.12,South Africa,Afghanistan,2,45
Heinrich Klaasen,b Rashid Khan,10,13,15,1,0,76.92,South Africa,Afghanistan,2,45
David Miller,c & b Mohammad Nabi,24,33,35,1,1,72.72,South Africa,Afghanistan,2,45
Andile Phehlukwayo,not out,39,37,46,1,3,105.4,South Africa,Afghanistan,2,45
Litton Das,c Edwards b Dutt,3,12,20,0,0,25.0,Bangladesh,Netherlands,2,46
Tanzid Hasan,c Edwards b van Beek,15,16,25,3,0,93.75,Bangladesh,Netherlands,2,46
Mehidy Hasan Miraz,c Edwards b de Leede,35,40,51,5,1,87.5,Bangladesh,Netherlands,2,46
Najmul Hossain Shanto,c van Beek b van Meekeren,9,18,27,2,0,50.0,Bangladesh,Netherlands,2,46
Shakib Al Hasan,c Edwards b van Meekeren,5,14,14,0,0,35.71,Bangladesh,Netherlands,2,46
Mushfiqur Rahim,b van Meekeren,1,5,9,0,0,20.0,Bangladesh,Netherlands,2,46
Mahmudullah,c Dutt b de Leede,20,41,70,2,0,48.78,Bangladesh,Netherlands,2,46
Mahedi Hasan,run out (de Leede),17,38,51,1,0,44.73,Bangladesh,Netherlands,2,46
Taskin Ahmed,c de Leede b van Meekeren,11,35,49,1,0,31.42,Bangladesh,Netherlands,2,46
Mustafizur Rahman,b Ackermann,20,35,34,2,1,57.14,Bangladesh,Netherlands,2,46
Shoriful Islam,not out,0,0,1,0,0,0.0,Bangladesh,Netherlands,2,46
Abdullah Shafique,lbw b Willey,0,2,2,0,0,0.0,Pakistan,England,2,47
Fakhar Zaman,c Stokes b Willey,1,9,13,0,0,11.11,Pakistan,England,2,47
Babar Azam,c Rashid b Atkinson,38,45,58,6,0,84.44,Pakistan,England,2,47
Mohammad Rizwan,b Ali,36,51,78,2,0,70.58,Pakistan,England,2,47
Saud Shakeel,b Rashid,29,37,52,4,0,78.37,Pakistan,England,2,47
Agha Salman,c Stokes b Willey,51,45,53,6,1,113.33,Pakistan,England,2,47
Iftikhar Ahmed,c Malan b Ali,3,5,8,0,0,60.0,Pakistan,England,2,47
Shadab Khan,b Rashid,4,7,4,1,0,57.14,Pakistan,England,2,47
Shaheen Shah Afridi,lbw b Atkinson,25,23,23,3,1,108.69,Pakistan,England,2,47
Mohammad Wasim,not out,16,14,33,2,1,114.28,Pakistan,England,2,47
Haris Rauf,c Stokes b Woakes,35,23,27,3,3,152.17,Pakistan,England,2,47
